global_step,update,phase,episodes,success,lava,ball,timeout,pg_loss,v_loss,entropy,sps,sub_navigate_n,sub_navigate_success,sub_hazard_n,sub_hazard_success,sub_key_door_n,sub_key_door_success,choose_navigate,choose_hazard,choose_key_door,success_under_navigate,lava_under_navigate,ball_under_navigate,timeout_under_navigate,success_under_hazard,lava_under_hazard,ball_under_hazard,timeout_under_hazard,success_under_key_door,lava_under_key_door,ball_under_key_door,timeout_under_key_door
2048,1,0,16,0,16,0,0,-0.00015,0.00013,1.9459,1818,0,0,0,0,0,0,0,0,0,0,0,0,0,0,0,0,0,0,0,0,0
4096,2,0,11,0,11,0,0,-0.00207,2e-05,1.945,1797,0,0,0,0,0,0,0,0,0,0,0,0,0,0,0,0,0,0,0,0,0
6144,3,0,3,0,3,0,0,-0.00308,1e-05,1.9205,1760,0,0,0,0,0,0,0,0,0,0,0,0,0,0,0,0,0,0,0,0,0
8192,4,0,15,0,10,0,5,-0.00532,3e-05,1.8936,1713,0,0,0,0,0,0,0,0,0,0,0,0,0,0,0,0,0,0,0,0,0
10240,5,0,6,0,4,0,2,-0.00084,0.0,1.9004,1760,0,0,0,0,0,0,0,0,0,0,0,0,0,0,0,0,0,0,0,0,0
12288,6,0,8,0,5,0,3,-0.00301,1e-05,1.8715,1745,0,0,0,0,0,0,0,0,0,0,0,0,0,0,0,0,0,0,0,0,0
14336,7,0,5,0,5,0,0,-0.00233,1e-05,1.8439,1731,0,0,0,0,0,0,0,0,0,0,0,0,0,0,0,0,0,0,0,0,0
16384,8,0,11,0,6,0,5,-0.00139,1e-05,1.8207,1686,0,0,0,0,0,0,0,0,0,0,0,0,0,0,0,0,0,0,0,0,0
18432,9,0,7,0,5,0,2,-0.00077,0.0,1.8404,1852,0,0,0,0,0,0,0,0,0,0,0,0,0,0,0,0,0,0,0,0,0
20480,10,0,5,0,4,0,1,-0.00385,1e-05,1.8052,1899,0,0,0,0,0,0,0,0,0,0,0,0,0,0,0,0,0,0,0,0,0
22528,11,0,7,0,5,0,2,-0.00383,0.0,1.7726,1815,0,0,0,0,0,0,0,0,0,0,0,0,0,0,0,0,0,0,0,0,0
24576,12,0,4,0,0,0,4,-0.00144,0.0,1.7581,1816,0,0,0,0,0,0,0,0,0,0,0,0,0,0,0,0,0,0,0,0,0
26624,13,0,4,0,1,0,3,-0.00018,0.0,1.7824,1605,0,0,0,0,0,0,0,0,0,0,0,0,0,0,0,0,0,0,0,0,0
28672,14,0,5,0,1,0,4,-0.00169,1e-05,1.739,1784,0,0,0,0,0,0,0,0,0,0,0,0,0,0,0,0,0,0,0,0,0
30720,15,0,5,0,1,0,4,0.00027,0.0,1.7493,1589,0,0,0,0,0,0,0,0,0,0,0,0,0,0,0,0,0,0,0,0,0
32768,16,0,6,0,2,0,4,-0.00042,0.0,1.739,1681,0,0,0,0,0,0,0,0,0,0,0,0,0,0,0,0,0,0,0,0,0
34816,17,0,3,0,0,0,3,-0.00159,1e-05,1.6746,1883,0,0,0,0,0,0,0,0,0,0,0,0,0,0,0,0,0,0,0,0,0
36864,18,0,4,0,0,0,4,-0.00173,1e-05,1.7161,1930,0,0,0,0,0,0,0,0,0,0,0,0,0,0,0,0,0,0,0,0,0
38912,19,0,7,0,2,0,5,-0.00061,1e-05,1.6947,1956,0,0,0,0,0,0,0,0,0,0,0,0,0,0,0,0,0,0,0,0,0
40960,20,0,6,0,3,0,3,-0.00205,1e-05,1.7043,1973,0,0,0,0,0,0,0,0,0,0,0,0,0,0,0,0,0,0,0,0,0
43008,21,0,5,0,3,0,2,-0.00425,0.0,1.6707,1895,0,0,0,0,0,0,0,0,0,0,0,0,0,0,0,0,0,0,0,0,0
45056,22,0,7,0,3,0,4,-0.00194,0.0,1.6957,1986,0,0,0,0,0,0,0,0,0,0,0,0,0,0,0,0,0,0,0,0,0
47104,23,0,6,0,2,0,4,-0.00228,0.0,1.7268,1925,0,0,0,0,0,0,0,0,0,0,0,0,0,0,0,0,0,0,0,0,0
49152,24,0,3,0,1,0,2,-0.00408,1e-05,1.6803,1964,0,0,0,0,0,0,0,0,0,0,0,0,0,0,0,0,0,0,0,0,0
51200,25,0,4,0,0,0,4,-0.00168,1e-05,1.7155,1925,0,0,0,0,0,0,0,0,0,0,0,0,0,0,0,0,0,0,0,0,0
53248,26,0,5,0,1,0,4,-0.00223,0.0,1.733,1950,0,0,0,0,0,0,0,0,0,0,0,0,0,0,0,0,0,0,0,0,0
55296,27,0,6,0,2,0,4,-0.00243,0.0,1.6737,1741,0,0,0,0,0,0,0,0,0,0,0,0,0,0,0,0,0,0,0,0,0
57344,28,0,7,0,2,0,5,-0.00184,0.0,1.6379,1828,0,0,0,0,0,0,0,0,0,0,0,0,0,0,0,0,0,0,0,0,0
59392,29,0,5,0,2,0,3,-2e-05,0.0,1.6069,1921,0,0,0,0,0,0,0,0,0,0,0,0,0,0,0,0,0,0,0,0,0
61440,30,0,4,0,2,0,2,-0.00168,1e-05,1.5909,1880,0,0,0,0,0,0,0,0,0,0,0,0,0,0,0,0,0,0,0,0,0
63488,31,0,3,0,0,0,3,-0.00105,0.0,1.6587,1680,0,0,0,0,0,0,0,0,0,0,0,0,0,0,0,0,0,0,0,0,0
65536,32,0,5,0,0,0,5,-0.00174,1e-05,1.637,1706,0,0,0,0,0,0,0,0,0,0,0,0,0,0,0,0,0,0,0,0,0
