step_end,A_s0,A_s1,B_s0,B_s1,C_s0,D_s0
100000,0.01098901098901099,0.013888888888888888,0.0,0.0,0.0,0.04452054794520548
200000,0.0,0.0072992700729927005,0.0,0.0,0.0,0.05413105413105413
300000,0.0,0.0,0.0,0.0,0.0,0.06153846153846154
400000,0.0,0.003389830508474576,0.47411242603550297,0.0,0.0,0.05277777777777778
500000,0.0,0.017361111111111112,0.47714681440443213,0.4518398268398268,0.0,0.07407407407407407
600000,0.0045045045045045045,0.003875968992248062,0.5037707390648567,0.5404350250976018,0.0,0.06199460916442048
700000,0.0,0.01730103806228374,0.5779748706577975,0.5948785292186474,0.0,0.0446927374301676
800000,0.0044444444444444444,0.0,0.5815602836879432,0.600904465799887,0.0,0.017045454545454544
900000,0.0,0.023809523809523808,0.5298969072164949,0.604064039408867,0.0,0.038461538461538464
1000000,0.00796812749003984,0.02631578947368421,0.5323166303558461,0.6219931271477663,0.0,0.06552706552706553
1100000,0.0,0.020289855072463767,0.5577342047930284,0.6215116279069768,0.0,0.06382978723404255
1200000,0.0,0.018461538461538463,0.5894308943089431,0.5998925886143931,0.0,0.049586776859504134
1300000,0.0,0.03428571428571429,0.5720823798627003,0.6321989528795812,0.0,0.02881844380403458
1400000,0.0,0.022653721682847898,0.5884194053208138,0.6049382716049383,0.0,0.045317220543806644
1500000,0.0,0.05194805194805195,0.5944299390774587,0.61795166858458,0.0,0.05042016806722689
1600000,0.003816793893129771,0.018867924528301886,0.5878220140515222,0.6007816862088219,0.0,0.04221635883905013
1700000,0.004098360655737705,0.006968641114982578,0.6125429553264605,0.5853260869565218,0.0,0.045714285714285714
1800000,0.004098360655737705,0.014234875444839857,0.5976454293628809,0.6214039125431531,0.0,0.03581267217630854
1900000,0.050473186119873815,0.05263157894736842,0.6,0.6175567833026396,0.0,0.06443298969072164
2000000,0.0,0.015384615384615385,0.6323251417769377,0.6047700170357752,0.0,0.051630434782608696
2100000,0.0045871559633027525,0.032679738562091505,0.6107205623901582,0.592255125284738,0.0,0.042682926829268296
2200000,0.0,0.012096774193548387,0.583404619332763,0.6280637254901961,0.0,0.06824146981627296
2300000,0.0,0.007692307692307693,0.612876935615322,0.5985037406483791,0.0,0.0364741641337386
2400000,0.0043859649122807015,0.021739130434782608,0.6287657920310982,0.6326654523375835,0.0,0.07479224376731301
2500000,0.020242914979757085,0.0,0.6572029442691903,0.6080402010050251,0.0,0.05
2600000,0.004329004329004329,0.0,0.6678445229681979,0.6343558282208589,0.05397727272727273,0.07161803713527852
2700000,0.0,0.0,0.6423712342079689,0.6192236598890942,0.036211699164345405,0.03977272727272727
2800000,0.0,0.004484304932735426,0.6292760540970564,0.6175963197239793,0.055710306406685235,0.06476683937823834
2900000,0.0,0.007722007722007722,0.6286522148916117,0.6093653727664818,0.042666666666666665,0.06068601583113457
3000000,0.0,0.004,0.6274328081556997,0.6255192878338279,0.05830903790087463,0.052054794520547946
3100000,0.0,0.004291845493562232,0.6308300395256917,0.6132361870066788,0.043227665706051875,0.04216867469879518
3200000,0.0,0.007662835249042145,0.647610121836926,0.5890774125132555,0.0650887573964497,0.04610951008645533
3300000,0.0,0.012396694214876033,0.6271929824561403,0.5933014354066986,0.050970873786407765,0.03763440860215054
3400000,0.0,0.004672897196261682,0.6351480420248329,0.620253164556962,0.04871794871794872,0.05945945945945946
3500000,0.0,0.0,0.6308370044052863,0.6248492159227985,0.053824362606232294,0.07038123167155426
3600000,0.0,0.0,0.6351020408163265,0.6121343445287107,0.05291005291005291,0.04081632653061224
3700000,0.007782101167315175,0.0,0.6160377358490566,0.6238709677419355,0.041666666666666664,0.05614973262032086
3800000,0.003703703703703704,0.00909090909090909,0.6023007395234182,0.5943863511282333,0.04395604395604396,0.056716417910447764
3900000,0.0,0.0,0.6388888888888888,0.597372929754426,0.03724928366762178,0.051490514905149054
4000000,0.0,0.0,0.6363636363636364,0.6071019473081328,0.029490616621983913,0.04657534246575343
4100000,0.032,0.0,0.6095764272559853,0.6410736579275905,0.031791907514450865,0.05142857142857143
4200000,0.02197802197802198,0.0,0.642512077294686,0.6220735785953178,0.045180722891566265,0.053763440860215055
4300000,0.003745318352059925,0.008771929824561403,0.6481334392374901,0.6189634864546525,0.04456824512534819,0.05191256830601093
4400000,0.0,0.004484304932735426,0.6425211665098777,0.615633423180593,0.03857566765578635,0.035398230088495575
4500000,0.006557377049180328,0.007905138339920948,0.6162687886825818,0.6041791044776119,0.04899135446685879,0.03003003003003003
4600000,0.0,0.003663003663003663,0.6168455821635013,0.6207107843137255,0.031161473087818695,0.026865671641791045
4700000,0.0,0.0,0.647766323024055,0.5897771952817824,0.043596730245231606,0.04120879120879121
4800000,0.0,0.0,0.6267432321575062,0.6179168915272532,0.046511627906976744,0.05475504322766571
4900000,0.0,0.017361111111111112,0.6603396603396603,0.6120049504950495,0.040983606557377046,0.028328611898016998
5000000,0.004291845493562232,0.003787878787878788,0.633304572907679,0.6136585365853658,0.0215633423180593,0.07571801566579635
