global_step,update,phase,episodes,success,lava,ball,timeout,pg_loss,v_loss,entropy,sps
2048,1,0,12,0,12,0,0,-0.00069,2e-05,1.9459,1358
4096,2,0,13,0,7,0,6,-0.00111,0.0,1.9442,1606
6144,3,0,17,0,10,0,7,-0.00076,0.0,1.9397,1568
8192,4,0,18,0,8,1,9,-0.00167,0.0,1.9413,1638
10240,5,0,18,0,12,0,6,-0.00083,0.0,1.9402,1596
12288,6,0,12,0,4,0,8,-0.00051,0.0,1.9262,1539
14336,7,0,22,0,14,0,8,-0.00081,0.0,1.9217,1532
16384,8,0,18,0,11,0,7,-0.00042,0.0,1.9105,1423
18432,9,0,10,0,3,0,7,-0.00195,0.0,1.9218,1519
20480,10,0,19,0,9,1,9,-0.00423,0.0,1.8908,1613
22528,11,0,11,0,5,0,6,-0.0017,0.0,1.8705,1586
24576,12,0,9,0,2,0,7,-0.00221,0.0,1.8502,1444
26624,13,0,14,0,2,0,12,-0.00154,0.0,1.8237,1544
28672,14,0,12,0,6,0,6,-0.00023,0.0,1.7501,1599
30720,15,0,16,0,8,0,8,-0.00088,0.0,1.802,1448
32768,16,0,12,0,4,0,8,-0.00019,0.0,1.8115,1620
34816,17,0,15,0,4,0,11,-0.00198,0.0,1.8018,1599
36864,18,0,13,0,4,0,9,-0.00299,0.0,1.7367,1598
38912,19,0,14,0,4,0,10,-0.00068,0.0,1.7253,1620
40960,20,0,10,0,1,0,9,-0.00132,0.0,1.7334,1485
43008,21,0,11,0,3,0,8,-0.00184,0.0,1.7888,1449
45056,22,0,12,0,1,0,11,-0.00073,0.0,1.8117,1552
47104,23,0,10,0,3,0,7,-0.00066,0.0,1.8469,1290
49152,24,0,20,0,8,0,12,-0.00042,0.0,1.857,1535
51200,25,0,9,0,2,0,7,5e-05,0.0,1.8596,1505
53248,26,0,11,0,1,0,10,-0.00146,0.0,1.8696,1503
55296,27,0,13,0,4,0,9,-0.00147,0.0,1.8934,1496
57344,28,0,15,0,6,0,9,-0.00109,0.0,1.9197,1469
59392,29,0,21,0,11,0,10,-0.00016,0.0,1.9273,1474
61440,30,0,14,0,7,0,7,2e-05,0.0,1.9334,1455
63488,31,0,19,0,13,0,6,-0.00141,0.0,1.9397,1591
65536,32,0,6,0,0,0,6,-4e-05,0.0,1.9413,1530
67584,33,0,18,0,5,0,13,-0.0001,0.0,1.9417,1419
69632,34,0,20,0,12,0,8,-0.00026,0.0,1.9439,1576
71680,35,0,11,0,5,0,6,-0.00059,0.0,1.9452,1595
73728,36,0,15,0,5,0,10,-0.00063,0.0,1.9452,1569
75776,37,0,16,0,8,0,8,-0.00575,4e-05,1.9297,1402
77824,38,0,18,0,11,0,7,-0.00295,1e-05,1.9274,1679
79872,39,0,14,0,6,0,8,-0.00164,0.0,1.9324,1658
81920,40,0,18,0,10,0,8,-0.00175,0.0,1.933,1666
83968,41,0,12,0,5,0,7,-0.00345,0.0,1.9108,1618
86016,42,0,12,0,4,0,8,-0.0015,0.0,1.8962,1408
88064,43,0,16,0,5,0,11,-0.00447,0.0,1.8704,1533
90112,44,0,10,0,3,0,7,-0.00084,0.0,1.8668,1497
92160,45,0,13,0,4,0,9,-0.00321,0.0,1.8316,1551
94208,46,0,13,0,3,0,10,-0.00127,0.0,1.7632,1590
96256,47,0,10,0,0,0,10,-0.00053,0.0,1.7545,1503
98304,48,0,11,0,3,0,8,3e-05,3e-05,1.6435,1631
100352,49,0,14,0,5,0,9,-0.00043,1e-05,1.6596,1594
102400,50,0,12,0,3,0,9,-0.0007,0.0,1.698,1541
104448,51,0,12,0,3,0,9,-0.0024,0.0,1.7411,1621
106496,52,0,14,0,2,0,12,-0.00202,0.0,1.7292,1474
108544,53,0,14,0,6,0,8,-0.00155,0.0,1.6869,1522
110592,54,0,10,0,1,0,9,-0.00098,0.0,1.7078,1614
112640,55,0,16,0,3,0,13,-0.0048,0.0,1.6499,1447
114688,56,0,9,0,4,0,5,-0.00019,0.0,1.6891,1507
116736,57,0,11,0,1,0,10,0.00064,0.0,1.7279,1540
118784,58,0,14,0,4,0,10,-0.00349,0.0,1.7107,1417
120832,59,0,8,0,0,0,8,-0.00129,0.0,1.7439,1332
122880,60,0,12,0,2,0,10,-0.00274,0.0,1.6931,1486
124928,61,0,14,0,1,0,13,-0.00062,0.0,1.6731,1540
126976,62,0,9,0,3,0,6,-0.00365,0.0,1.6268,1259
129024,63,0,13,0,1,0,12,-0.00353,0.0,1.67,1656
131072,64,0,13,0,4,0,9,-0.00296,0.0,1.5771,1596
133120,65,0,12,0,4,0,8,-0.0018,0.0,1.4815,1512
135168,66,0,10,0,0,0,10,-0.00281,0.0,1.634,1451
137216,67,0,10,0,0,0,10,-0.0013,0.0,1.6519,1398
139264,68,0,12,0,0,0,12,-0.00029,0.0,1.7526,1490
141312,69,0,11,0,1,0,10,-0.00117,0.0,1.7436,1421
143360,70,0,11,0,3,0,8,-0.00282,0.0,1.6517,1317
145408,71,0,13,0,1,0,12,-0.00083,0.0,1.6777,1492
147456,72,0,12,0,3,0,9,-0.00117,0.0,1.6603,1496
149504,73,0,9,0,2,0,7,-0.00223,0.0,1.5989,1427
151552,74,0,11,0,0,0,11,-0.00177,0.0,1.6455,1378
153600,75,0,13,0,0,0,13,-0.00104,0.0,1.6476,1513
155648,76,0,11,0,3,0,8,-0.00123,0.0,1.713,1546
157696,77,0,10,0,0,0,10,-0.00289,0.0,1.7627,1500
159744,78,0,12,0,2,0,10,-0.00201,0.0,1.7467,1583
161792,79,0,11,0,0,0,11,-0.00086,0.0,1.7007,1449
163840,80,0,11,0,3,0,8,-0.00236,0.0,1.6873,1324
165888,81,0,12,0,2,0,10,-0.00089,0.0,1.6863,1354
167936,82,0,11,0,0,0,11,-0.00068,0.0,1.6337,1517
169984,83,0,9,0,1,0,8,-0.00164,0.0,1.5829,1507
172032,84,0,13,0,2,0,11,-0.00012,0.0,1.5509,1603
174080,85,0,10,0,0,0,10,-0.00143,0.0,1.5007,1493
176128,86,0,9,0,0,0,9,-0.0005,0.0,1.4811,1466
178176,87,0,13,0,0,0,13,-0.00078,0.0,1.3921,1493
180224,88,0,9,0,0,0,9,-0.0008,0.0,1.4195,1586
182272,89,0,10,0,1,0,9,-0.00085,0.0,1.4717,1681
184320,90,0,14,0,1,0,13,-0.00352,0.0,1.5254,1620
186368,91,0,10,0,0,0,10,-6e-05,0.0,1.5361,1594
188416,92,0,8,0,0,0,8,-0.00074,0.0,1.6186,1557
190464,93,0,15,0,1,0,14,-0.00043,0.0,1.6814,1658
192512,94,0,9,0,2,0,7,-7e-05,0.0,1.7326,1651
194560,95,0,10,0,1,0,9,-0.00102,0.0,1.7424,1525
196608,96,0,14,0,0,0,14,-0.00033,0.0,1.756,1414
198656,97,0,7,0,1,0,6,-0.00197,0.0,1.7228,1440
200704,98,0,12,0,1,0,11,-0.00344,0.0,1.6472,1539
202752,99,0,14,0,3,0,11,-0.00122,0.0,1.6018,1477
204800,100,0,10,0,2,0,8,0.00022,0.0,1.5747,1518
206848,101,0,12,0,1,0,11,-0.0002,0.0,1.6192,1538
208896,102,0,9,0,1,0,8,-0.00064,0.0,1.6522,1582
210944,103,0,14,0,2,0,12,-0.00283,0.0,1.6522,1490
212992,104,0,8,0,0,0,8,-0.00012,0.0,1.6475,1465
215040,105,0,13,0,1,0,12,-0.0013,0.0,1.664,1613
217088,106,0,10,0,0,0,10,-0.0017,0.0,1.7103,1605
219136,107,0,10,0,2,0,8,0.00177,0.0,1.6969,1644
221184,108,0,15,0,3,0,12,0.00092,0.0,1.6947,1510
223232,109,0,11,0,1,0,10,-0.00012,0.0,1.6897,1523
225280,110,0,9,0,1,0,8,-0.00123,0.0,1.6455,1478
227328,111,0,11,0,0,0,11,-0.00174,0.0,1.6472,1573
229376,112,0,10,0,1,0,9,-0.00054,0.0,1.6805,1600
231424,113,0,12,0,0,0,12,-0.00019,0.0,1.6839,1566
233472,114,0,10,0,1,0,9,-0.00047,0.0,1.6503,1438
235520,115,0,10,0,1,0,9,-0.0004,0.0,1.6033,1593
237568,116,0,11,0,0,0,11,-0.00243,0.0,1.6125,1490
239616,117,0,11,0,0,0,11,-0.00105,0.0,1.6167,1504
241664,118,0,12,0,2,0,10,-0.00135,0.0,1.611,1470
243712,119,0,10,0,1,0,9,0.00016,0.0,1.6417,1588
245760,120,0,14,0,3,0,11,-0.00202,0.0,1.6701,1542
247808,121,0,10,0,1,0,9,-0.00102,0.0,1.7066,1587
249856,122,0,8,0,1,0,7,-0.00129,0.0,1.6506,1470
251904,123,0,14,0,0,0,14,-0.00316,0.0,1.5859,1491
253952,124,0,6,0,0,0,6,-0.00323,0.0,1.5365,1515
256000,125,0,12,0,1,0,11,-0.00158,0.0,1.4403,1356
258048,126,0,14,0,0,0,14,-1e-05,0.0,1.3997,1546
260096,127,0,6,0,0,0,6,-0.00206,0.0,1.3986,1594
262144,128,0,12,0,0,0,12,-0.00093,0.0,1.5108,1606
264192,129,0,15,0,1,0,14,-0.00079,0.0,1.5155,1506
266240,130,0,6,0,1,0,5,-0.00025,0.0,1.5089,1513
268288,131,0,15,0,2,0,13,-0.00126,0.0,1.5222,1359
270336,132,0,10,0,0,0,10,-0.00175,0.0,1.5174,1482
272384,133,0,9,0,1,0,8,-0.00218,0.0,1.5604,1545
274432,134,0,12,0,0,0,12,-3e-05,0.0,1.5633,1504
276480,135,0,10,0,0,0,10,0.00027,0.0,1.5982,1546
278528,136,0,9,0,0,0,9,-0.00316,0.0,1.5251,1597
280576,137,0,12,0,2,0,10,9e-05,0.0,1.5398,1545
282624,138,0,12,0,1,0,11,-0.00083,0.0,1.5405,1595
284672,139,0,8,0,0,0,8,-0.00036,0.0,1.5826,1419
286720,140,0,12,0,0,0,12,-0.00067,0.0,1.5726,1602
288768,141,0,13,0,1,0,12,-0.00135,0.0,1.5711,1597
290816,142,0,7,0,1,0,6,-0.00085,0.0,1.5872,1480
292864,143,0,13,0,0,0,13,-0.0007,0.0,1.62,1466
294912,144,0,12,0,1,0,11,-0.00249,0.0,1.6303,1355
296960,145,0,9,0,1,0,8,-0.00046,0.0,1.6364,1544
299008,146,0,12,0,0,0,12,-6e-05,0.0,1.6446,1391
301056,147,0,9,0,1,0,8,-0.00165,0.0,1.6294,1546
303104,148,0,11,0,1,0,10,-0.00166,0.0,1.6254,1356
305152,149,0,12,0,0,0,12,-0.00157,0.0,1.6632,1450
307200,150,0,8,0,2,0,6,-0.00171,0.0,1.6949,1511
309248,151,0,14,0,2,0,12,8e-05,0.0,1.671,1499
311296,152,0,14,0,4,0,10,-0.0024,0.0,1.6253,1536
313344,153,0,8,0,1,0,7,-0.00272,0.0,1.5215,1668
315392,154,0,11,0,0,0,11,-0.00165,0.0,1.5518,1555
317440,155,0,13,0,0,0,13,-0.00095,0.0,1.5841,1584
319488,156,0,7,0,0,0,7,-0.00046,0.0,1.6369,1515
321536,157,0,11,0,0,0,11,-0.00146,0.0,1.6718,1487
323584,158,0,13,0,1,0,12,-0.0021,0.0,1.6401,1641
325632,159,0,9,0,2,0,7,-0.00197,0.0,1.5922,1497
327680,160,0,11,0,0,0,11,0.00019,0.0,1.5366,1596
329728,161,0,14,0,2,0,12,-0.00434,0.0,1.6056,1628
331776,162,0,9,0,1,0,8,-0.001,0.0,1.5846,1584
333824,163,0,11,0,2,0,9,-0.0014,0.0,1.617,1410
335872,164,0,13,0,0,0,13,-0.0013,0.0,1.61,1606
337920,165,0,10,0,3,0,7,-0.00161,0.0,1.6251,1584
339968,166,0,11,0,0,0,11,-0.00105,0.0,1.6072,1581
342016,167,0,13,0,2,0,11,-0.00152,0.0,1.6243,1521
344064,168,0,11,0,2,0,9,-0.00157,0.0,1.6482,1491
346112,169,0,9,0,1,0,8,-0.00159,0.0,1.682,1483
348160,170,0,14,0,4,0,10,-0.00177,0.0,1.701,1549
350208,171,0,12,0,1,0,11,0.00045,0.0,1.6943,1449
352256,172,0,11,0,1,0,10,-0.00031,0.0,1.6957,1481
354304,173,0,13,0,4,0,9,-0.00091,0.0,1.6426,1475
356352,174,0,10,0,0,0,10,-0.00297,0.0,1.6689,1469
358400,175,0,9,0,1,0,8,-0.00066,0.0,1.6781,1434
360448,176,0,14,0,1,0,13,-0.0007,0.0,1.714,1423
362496,177,0,10,0,2,0,8,-0.00134,0.0,1.7052,1508
364544,178,0,11,0,2,0,9,-0.00106,0.0,1.6948,1456
366592,179,0,13,0,2,0,11,-0.00096,0.0,1.6728,1523
368640,180,0,9,0,2,0,7,-0.00117,0.0,1.6719,1523
370688,181,0,14,0,3,0,11,-8e-05,0.0,1.6807,1459
372736,182,0,10,0,1,0,9,-0.00216,0.0,1.6746,1551
374784,183,0,10,0,0,0,10,-0.00174,0.0,1.6575,1579
376832,184,0,12,0,0,0,12,-0.0005,0.0,1.6573,1513
378880,185,0,9,0,1,0,8,-0.00169,0.0,1.6602,1559
380928,186,0,14,0,2,0,12,-0.00021,0.0,1.6445,1544
382976,187,0,10,0,1,0,9,-0.00136,0.0,1.66,1543
385024,188,0,11,0,3,0,8,-0.0002,0.0,1.6468,1457
387072,189,0,13,0,1,0,12,-0.00018,0.0,1.6402,1561
389120,190,0,10,0,1,0,9,-0.00185,0.0,1.6467,1591
391168,191,0,11,0,0,0,11,-0.00046,0.0,1.6635,1571
393216,192,0,12,0,3,0,9,-0.00095,0.0,1.6702,1524
395264,193,0,10,0,1,0,9,-0.00044,0.0,1.6496,1537
397312,194,0,11,0,1,0,10,-0.00142,0.0,1.6207,1509
399360,195,0,10,0,0,0,10,-0.00128,0.0,1.578,1496
401408,196,0,10,0,0,0,10,-0.00012,0.0,1.5306,1590
403456,197,0,11,0,0,0,11,-0.00141,0.0,1.5031,1508
405504,198,0,11,0,0,0,11,-0.00145,0.0,1.4196,1575
407552,199,0,9,0,0,0,9,-0.00029,0.0,1.4648,1463
409600,200,0,11,0,0,0,11,0.00056,0.0,1.463,1454
411648,201,0,10,0,0,0,10,0.00024,0.0,1.4686,1655
413696,202,0,11,0,0,0,11,-3e-05,0.0,1.483,1550
415744,203,0,11,0,0,0,11,-0.00436,0.0,1.4654,1543
417792,204,0,10,0,0,0,10,-0.00072,0.0,1.4196,1534
419840,205,0,10,0,0,0,10,-0.00092,0.0,1.323,1378
421888,206,0,11,0,0,0,11,1e-05,0.0,1.3796,1499
423936,207,0,10,0,0,0,10,-0.0011,0.0,1.3887,1360
425984,208,0,10,0,0,0,10,-0.00099,0.0,1.36,1436
428032,209,0,12,0,0,0,12,-0.00117,0.0,1.3095,1356
430080,210,0,9,0,0,0,9,-0.00135,0.0,1.3168,1397
432128,211,0,10,0,0,0,10,-0.00428,0.0,1.3092,1591
434176,212,0,12,0,0,0,12,-0.00037,0.0,1.3392,1596
436224,213,0,10,0,1,0,9,-0.0028,0.0,1.3311,1244
438272,214,0,11,0,0,0,11,-0.00097,0.0,1.3958,1444
440320,215,0,13,0,1,0,12,0.00048,0.0,1.4184,1519
442368,216,0,8,0,0,0,8,0.0,0.0,1.4552,1421
444416,217,0,12,0,0,0,12,-0.00211,0.0,1.4461,1377
446464,218,0,11,0,1,0,10,5e-05,0.0,1.4858,1555
448512,219,0,8,0,0,0,8,-0.00162,0.0,1.46,1506
450560,220,0,13,0,1,0,12,-0.00022,0.0,1.4722,1440
452608,221,0,11,0,0,0,11,-0.00149,0.0,1.4154,1436
454656,222,0,9,0,0,0,9,-0.00062,0.0,1.3965,1502
456704,223,0,13,0,1,0,12,-0.00063,0.0,1.343,1571
458752,224,0,9,0,0,0,9,-0.00302,0.0,1.4174,1520
460800,225,0,9,0,0,0,9,-0.00259,0.0,1.3674,1574
462848,226,0,14,0,1,0,13,0.00011,0.0,1.3624,1590
464896,227,0,9,0,0,0,9,-0.00083,0.0,1.3804,1528
466944,228,0,9,0,0,0,9,-0.00124,0.0,1.3759,1424
468992,229,0,13,0,0,0,13,-0.00093,0.0,1.3707,1485
471040,230,0,10,0,1,0,9,-0.00207,0.0,1.4181,1484
473088,231,0,10,0,1,0,9,-0.00146,0.0,1.4657,1497
475136,232,0,13,0,0,0,13,-0.00035,0.0,1.4994,1516
477184,233,0,9,0,2,0,7,-0.00088,0.0,1.4944,1548
479232,234,0,10,0,0,0,10,-0.00053,0.0,1.4405,1549
481280,235,0,14,0,1,0,13,-0.00219,0.0,1.5032,1552
483328,236,0,8,0,0,0,8,-0.00062,0.0,1.5049,1338
485376,237,0,10,0,0,0,10,-0.00198,0.0,1.4844,1369
487424,238,0,13,0,0,0,13,-0.00129,0.0,1.4508,1479
489472,239,0,9,0,1,0,8,-0.0006,0.0,1.4758,1476
491520,240,0,10,0,0,0,10,-0.00102,0.0,1.4889,1493
493568,241,0,11,0,0,0,11,-0.00011,0.0,1.5293,1573
495616,242,0,11,0,0,0,11,-0.0027,0.0,1.5576,1468
497664,243,0,11,0,1,0,10,-0.00047,0.0,1.6003,1434
499712,244,0,11,0,3,0,8,-0.00129,0.0,1.6009,1407
501760,245,0,10,0,0,0,10,-0.00107,0.0,1.5653,1458
503808,246,0,11,0,0,0,11,-0.00147,0.0,1.5766,1503
505856,247,0,10,0,1,0,9,-0.00073,0.0,1.5668,1538
507904,248,0,12,0,0,0,12,-0.00284,0.0,1.5829,1625
509952,249,0,10,0,0,0,10,0.00014,0.0,1.5921,1427
512000,250,0,10,0,1,0,9,-0.00033,0.0,1.6155,1433
514048,251,0,12,0,0,0,12,-0.0008,0.0,1.5871,1559
516096,252,0,10,0,0,0,10,-0.00105,0.0,1.5731,1567
518144,253,0,10,0,1,0,9,-0.0016,0.0,1.5693,1597
520192,254,0,13,0,1,0,12,-0.00233,0.0,1.5844,1628
522240,255,0,10,0,2,0,8,-0.00113,0.0,1.6292,1584
524288,256,0,10,0,0,0,10,-0.00043,0.0,1.6513,1542
526336,257,0,13,0,1,0,12,-0.00105,0.0,1.6773,1499
528384,258,0,12,0,3,0,9,-0.00117,0.0,1.6902,1525
530432,259,0,7,0,1,0,6,-0.00038,0.0,1.7196,1460
532480,260,0,15,0,1,0,14,-0.00054,0.0,1.7194,1631
534528,261,0,9,0,0,0,9,-0.0002,0.0,1.7349,1554
536576,262,0,9,0,0,0,9,-0.00016,0.0,1.7404,1589
538624,263,0,13,0,1,0,12,-0.00091,0.0,1.7598,1416
540672,264,0,12,0,2,0,10,0.0001,0.0,1.7806,1363
542720,265,0,12,0,2,0,10,-0.00067,0.0,1.8003,1657
544768,266,0,8,0,1,0,7,-0.00179,0.0,1.7865,1459
546816,267,0,14,0,4,0,10,-0.00068,0.0,1.7926,1569
548864,268,0,14,0,5,0,9,-0.00242,0.0,1.8238,1578
550912,269,0,11,0,2,0,9,6e-05,0.0,1.8068,1540
552960,270,0,14,0,5,0,9,-0.00067,0.0,1.8021,1578
555008,271,0,12,0,4,0,8,1e-05,0.0,1.7988,1666
557056,272,0,10,0,0,0,10,-0.00026,0.0,1.7822,1484
559104,273,0,12,0,4,0,8,-0.00148,0.0,1.8034,1348
561152,274,0,11,0,1,0,10,-0.00022,0.0,1.8096,1554
563200,275,0,12,0,1,0,11,-0.00062,0.0,1.8108,1594
565248,276,0,12,0,3,0,9,-0.00103,0.0,1.8375,1452
567296,277,0,14,0,6,0,8,-0.00099,0.0,1.8394,1571
569344,278,0,11,0,2,0,9,-0.00162,0.0,1.8655,1500
571392,279,0,12,0,3,0,9,-0.00074,0.0,1.8669,1439
573440,280,0,16,0,4,0,12,0.00019,0.0,1.8697,1437
575488,281,0,10,0,2,0,8,-0.0002,0.0,1.8676,1414
577536,282,0,14,0,5,0,9,-0.0009,0.0,1.879,1506
579584,283,0,13,0,4,0,9,-0.00074,0.0,1.8716,1465
581632,284,0,11,0,2,0,9,0.00014,0.0,1.8594,1614
583680,285,0,19,0,7,0,12,-0.0001,0.0,1.8701,1444
585728,286,0,14,0,10,0,4,-0.00031,0.0,1.8672,1468
587776,287,0,9,0,1,0,8,-0.00024,0.0,1.8647,1361
589824,288,0,17,0,6,0,11,-0.00135,0.0,1.8927,1507
591872,289,0,13,0,5,0,8,-0.00057,0.0,1.8931,1552
593920,290,0,14,0,8,0,6,5e-05,0.0,1.9054,1528
595968,291,0,13,0,5,0,8,-0.00063,0.0,1.9091,1525
598016,292,0,16,0,5,0,11,-0.00171,0.0,1.9252,1431
600064,293,0,13,0,7,0,6,-0.00206,1e-05,1.9348,1326
602112,294,0,17,0,9,0,8,-0.00209,3e-05,1.9338,1477
604160,295,0,12,0,2,0,10,-0.0005,0.0,1.9332,1482
606208,296,0,14,0,5,0,9,-0.00072,0.0,1.9337,1490
608256,297,0,11,0,2,0,9,-0.00068,0.0,1.9271,1581
610304,298,0,11,0,4,0,7,-0.00038,1e-05,1.9294,1608
612352,299,0,14,0,6,0,8,-0.00236,2e-05,1.9317,1435
614400,300,0,14,0,5,0,9,-0.00288,1e-05,1.9225,1486
616448,301,0,13,0,5,0,8,-0.00046,1e-05,1.921,1354
618496,302,0,13,0,6,0,7,-0.00055,0.0,1.9086,1447
620544,303,0,9,0,0,0,9,-0.00105,0.0,1.9225,1509
622592,304,0,17,0,4,0,13,-0.00119,0.0,1.9199,1607
624640,305,0,10,0,3,0,7,-0.00264,1e-05,1.9156,1485
626688,306,0,14,0,7,0,7,0.00024,0.0,1.8979,1400
628736,307,0,14,0,7,0,7,-0.00173,1e-05,1.8822,1543
630784,308,0,12,0,2,0,10,-0.00166,1e-05,1.8866,1413
632832,309,0,13,0,5,0,8,-0.00076,1e-05,1.8812,1527
634880,310,0,13,0,2,0,11,-0.00157,1e-05,1.8563,1547
636928,311,0,9,0,1,0,8,-0.00262,1e-05,1.8589,1521
638976,312,0,12,0,2,0,10,-0.00103,0.0,1.8622,1527
641024,313,0,17,0,5,0,12,-0.00217,1e-05,1.8538,1541
643072,314,0,7,0,2,0,5,-0.00092,1e-05,1.8529,1582
645120,315,0,15,0,3,0,12,-0.00727,1e-05,1.7862,1532
647168,316,0,16,0,5,0,11,-0.00159,0.0,1.824,1477
649216,317,0,13,0,7,0,6,-0.00192,0.0,1.8257,1426
651264,318,0,10,0,1,0,9,-0.00153,0.0,1.838,1541
653312,319,0,10,0,1,0,9,-0.00101,0.0,1.8329,1506
655360,320,0,13,0,1,0,12,-0.00349,1e-05,1.7675,1449
657408,321,0,8,0,0,0,8,-0.00037,1e-05,1.7725,1476
659456,322,0,11,0,0,0,11,0.00037,1e-05,1.7362,1322
661504,323,0,14,0,1,0,13,-0.00097,1e-05,1.7454,1276
663552,324,0,8,0,1,0,7,0.00037,2e-05,1.7312,1431
665600,325,0,11,0,1,0,10,-0.00299,3e-05,1.6861,1496
667648,326,0,14,0,1,0,13,-0.00189,1e-05,1.7253,1596
669696,327,0,9,0,1,0,8,-0.00189,1e-05,1.6533,1503
671744,328,0,10,0,1,0,9,-0.00138,0.0,1.6194,1570
673792,329,0,15,0,1,0,14,-0.00221,1e-05,1.6723,1523
675840,330,0,8,0,2,0,6,-0.00054,0.0,1.6727,1387
677888,331,0,10,0,0,0,10,-0.00142,0.0,1.6064,1354
679936,332,0,14,0,0,0,14,-0.00697,0.0,1.6895,1508
681984,333,0,6,0,1,0,5,-0.00045,0.0,1.7165,1454
684032,334,0,17,0,4,0,13,0.00022,0.0,1.7336,1443
686080,335,0,10,0,1,0,9,-0.00093,0.0,1.682,1397
688128,336,0,9,0,1,0,8,-0.00196,0.0,1.6829,1467
690176,337,0,14,0,0,0,14,-0.00163,0.0,1.6562,1545
692224,338,0,8,0,0,0,8,-0.00013,0.0,1.7053,1467
694272,339,0,10,0,0,0,10,-0.00291,1e-05,1.7318,1378
696320,340,0,13,0,0,0,13,-0.00171,0.0,1.6947,1409
698368,341,0,7,0,0,0,7,-0.00075,1e-05,1.6774,1657
700416,342,0,11,0,0,0,11,-0.00304,0.0,1.61,1630
702464,343,0,13,0,0,0,13,-0.00105,0.0,1.5956,1492
704512,344,0,8,0,0,0,8,-0.00074,1e-05,1.5651,1254
706560,345,0,12,0,1,0,11,-0.00064,0.0,1.5777,1264
708608,346,0,13,0,1,0,12,-0.0007,1e-05,1.5574,1330
710656,347,0,7,0,0,0,7,-0.00058,1e-05,1.5538,1580
712704,348,0,13,0,0,0,13,-0.00156,1e-05,1.5033,1545
714752,349,0,12,0,0,0,12,0.0002,1e-05,1.4856,1368
716800,350,0,6,0,1,0,5,-0.00174,1e-05,1.4505,1590
718848,351,0,15,0,0,0,15,-0.00124,1e-05,1.3971,1426
720896,352,0,10,0,0,0,10,-0.00032,1e-05,1.3924,1552
722944,353,0,7,0,0,0,7,-0.00154,0.0,1.424,1628
724992,354,0,14,0,0,0,14,-0.00092,1e-05,1.437,1624
727040,355,0,9,0,0,0,9,-0.001,1e-05,1.4891,1576
729088,356,0,9,0,0,0,9,-0.00107,1e-05,1.437,1580
731136,357,0,14,0,0,0,14,-0.00147,1e-05,1.4791,1474
733184,358,0,8,0,0,0,8,-0.00319,0.0,1.4093,1426
735232,359,0,9,0,0,0,9,-0.00111,1e-05,1.4149,1502
737280,360,0,14,0,0,0,14,2e-05,1e-05,1.3845,1321
739328,361,0,7,0,0,0,7,-0.00096,1e-05,1.4142,1422
741376,362,0,11,0,0,0,11,-0.00171,1e-05,1.4801,1363
743424,363,0,13,0,1,0,12,-0.00038,1e-05,1.5136,1431
745472,364,0,5,0,0,0,5,-0.00323,1e-05,1.49,1538
747520,365,0,15,0,1,0,14,-0.00365,1e-05,1.5161,1414
749568,366,0,13,0,0,0,13,0.00303,1e-05,1.5423,1447
751616,367,0,6,0,1,0,5,-0.00216,0.0,1.6242,1498
753664,368,0,15,0,1,0,14,-0.00042,1e-05,1.687,1523
755712,369,0,10,0,0,0,10,-0.00108,0.0,1.7271,1453
757760,370,0,10,0,2,0,8,-0.0017,1e-05,1.7143,1603
759808,371,0,12,0,0,0,12,-0.00012,1e-05,1.6853,1618
761856,372,0,12,0,3,0,9,0.00051,1e-05,1.7029,1601
763904,373,0,11,0,1,0,10,-0.0001,1e-05,1.7035,1429
765952,374,0,10,0,0,0,10,-0.00145,1e-05,1.7449,1473
768000,375,0,13,0,2,0,11,0.00064,3e-05,1.7629,1482
770048,376,0,11,0,2,0,9,-0.00268,3e-05,1.7413,1464
772096,377,0,7,0,0,0,7,0.00241,1e-05,1.7506,1435
774144,378,0,15,0,1,0,14,-0.00208,1e-05,1.7941,1513
776192,379,0,11,0,2,0,9,-0.00198,1e-05,1.7902,1486
778240,380,0,9,0,2,0,7,-5e-05,0.0,1.7848,1587
780288,381,0,13,0,1,0,12,-0.00072,0.0,1.7959,1451
782336,382,0,14,0,2,0,12,-0.00069,0.0,1.7766,1483
784384,383,0,7,0,1,0,6,-0.00246,0.0,1.7988,1622
786432,384,0,13,0,1,0,12,-0.00103,0.0,1.816,1624
788480,385,0,12,0,1,0,11,2e-05,1e-05,1.8402,1375
790528,386,0,9,0,3,0,6,0.00017,1e-05,1.8297,1444
792576,387,0,15,0,3,0,12,-0.00062,0.0,1.8232,1326
794624,388,0,11,0,1,0,10,-0.00122,1e-05,1.8418,1225
796672,389,0,11,0,1,0,10,-0.00234,1e-05,1.831,1453
798720,390,0,11,0,2,0,9,-0.00318,1e-05,1.8387,1510
800768,391,0,15,0,5,0,10,-0.00266,3e-05,1.8351,1505
802816,392,0,9,0,2,0,7,-0.00279,2e-05,1.8249,1530
804864,393,0,14,0,3,0,11,-0.00325,2e-05,1.8668,1390
806912,394,0,13,0,2,0,11,-0.00056,1e-05,1.8647,1468
808960,395,0,9,0,3,0,6,-0.0013,1e-05,1.8735,1350
811008,396,0,16,0,3,0,13,0.00032,1e-05,1.8749,1451
813056,397,0,13,0,7,0,6,-0.00216,1e-05,1.8751,1394
815104,398,0,12,0,3,0,9,-0.00018,1e-05,1.874,1578
817152,399,0,11,0,3,0,8,-0.0003,3e-05,1.8776,1524
819200,400,0,13,0,5,0,8,-0.00013,1e-05,1.8981,1596
821248,401,0,16,0,6,0,10,-0.00079,2e-05,1.8954,1467
823296,402,0,15,0,8,0,7,-0.00182,5e-05,1.8904,1365
825344,403,0,12,0,4,0,8,0.00074,6e-05,1.8942,1385
827392,404,0,12,0,3,0,9,0.00062,4e-05,1.8983,1517
829440,405,0,13,0,4,0,9,-0.00281,4e-05,1.9042,1531
831488,406,0,19,0,8,0,11,-0.00114,4e-05,1.9014,1538
833536,407,0,15,0,8,0,7,-0.00333,4e-05,1.901,1361
835584,408,0,11,0,4,0,7,-0.0012,1e-05,1.8994,1397
837632,409,0,12,0,5,0,7,-0.00158,1e-05,1.898,1374
839680,410,0,14,0,3,0,11,-0.00093,1e-05,1.8913,1357
841728,411,0,14,0,6,0,8,0.00122,1e-05,1.8849,1452
843776,412,0,10,0,1,0,9,0.00049,1e-05,1.884,1539
845824,413,0,11,0,3,0,8,-0.0011,1e-05,1.8655,1530
847872,414,0,14,0,2,0,12,-0.00127,2e-05,1.8697,1377
849920,415,0,11,0,3,0,8,-0.00187,1e-05,1.8683,1377
851968,416,0,14,0,6,0,8,-0.0015,2e-05,1.8871,1311
854016,417,0,10,0,4,0,6,-0.00142,1e-05,1.8758,1463
856064,418,0,16,0,4,0,12,-0.00347,2e-05,1.8317,1518
858112,419,0,10,0,2,0,8,0.00025,1e-05,1.8517,1173
860160,420,0,9,0,2,0,7,-0.00141,0.0,1.8528,1649
862208,421,0,17,0,6,0,11,-0.00146,1e-05,1.8587,1631
864256,422,0,13,0,4,0,9,-0.00263,0.0,1.8791,1429
866304,423,0,13,0,6,0,7,-0.00094,0.0,1.9003,1401
868352,424,0,12,0,3,0,9,-0.00098,0.0,1.9043,1505
870400,425,0,16,0,6,0,10,-0.00072,0.0,1.9073,1421
872448,426,0,10,0,2,0,8,-0.00031,1e-05,1.9068,1572
874496,427,0,10,0,3,0,7,-0.00122,1e-05,1.8982,1513
876544,428,0,13,0,2,0,11,-0.00116,1e-05,1.9014,1487
878592,429,0,11,0,3,0,8,-0.00141,1e-05,1.9061,1434
880640,430,0,11,0,1,0,10,-0.00148,1e-05,1.9003,1346
882688,431,0,15,0,6,0,9,-0.00035,1e-05,1.8891,1565
884736,432,0,13,0,6,0,7,-4e-05,1e-05,1.8949,1437
886784,433,0,11,0,1,0,10,-0.00068,0.0,1.8899,1603
888832,434,0,14,0,5,0,9,-0.00164,1e-05,1.8834,1629
890880,435,0,12,0,3,0,9,6e-05,0.0,1.8657,1463
892928,436,0,13,0,4,0,9,-0.00181,1e-05,1.8628,1473
894976,437,0,9,0,3,0,6,-0.00097,2e-05,1.8754,1521
897024,438,0,13,0,3,0,10,-0.00116,2e-05,1.8873,1593
899072,439,0,11,0,3,0,8,-0.00072,1e-05,1.8874,1591
901120,440,0,16,0,6,0,10,-0.00125,1e-05,1.8927,1577
903168,441,0,9,0,1,0,8,-0.00358,1e-05,1.8959,1553
905216,442,0,14,1,3,0,10,-0.00148,0.00012,1.9052,1539
907264,443,0,13,0,6,0,7,-0.00129,1e-05,1.9058,1576
909312,444,0,16,0,7,0,9,-0.00381,1e-05,1.8917,1600
911360,445,0,14,0,3,0,11,-0.00081,1e-05,1.868,1444
913408,446,0,9,0,2,0,7,-0.0002,0.0,1.8429,1490
915456,447,0,14,0,3,0,11,-0.00073,1e-05,1.8618,1193
917504,448,0,11,0,2,0,9,-0.00082,0.0,1.8797,1514
919552,449,0,13,0,6,0,7,-0.0007,0.0,1.8878,1521
921600,450,0,16,0,7,0,9,0.00059,1e-05,1.8894,1394
923648,451,0,12,0,5,0,7,-0.0003,0.0,1.8924,1609
925696,452,0,15,0,4,0,11,-0.00135,1e-05,1.886,1322
927744,453,0,13,0,6,0,7,0.00044,1e-05,1.8917,1436
929792,454,0,10,0,2,0,8,-0.001,0.0,1.881,1532
931840,455,0,14,0,2,0,12,-0.00279,1e-05,1.8502,1468
933888,456,0,11,0,1,0,10,-0.00056,0.0,1.8103,1512
935936,457,0,8,0,1,0,7,-0.00095,0.0,1.796,1514
937984,458,0,14,0,1,0,13,-0.00077,1e-05,1.758,1215
940032,459,0,9,0,0,0,9,-0.00066,1e-05,1.7454,1336
942080,460,0,8,0,0,0,8,-0.0005,1e-05,1.7769,1268
944128,461,0,16,0,2,0,14,-0.00117,1e-05,1.8025,1589
946176,462,0,8,0,3,0,5,-0.00189,1e-05,1.7914,1599
948224,463,0,14,0,4,0,10,-0.00084,0.0,1.7812,1545
950272,464,0,12,0,2,0,10,0.00049,0.0,1.7515,1558
952320,465,0,12,0,5,0,7,-0.00288,1e-05,1.7853,1524
954368,466,0,12,0,3,0,9,-0.00115,0.0,1.7953,1205
956416,467,0,13,0,2,0,11,-0.00123,0.0,1.7952,1566
958464,468,0,12,0,1,0,11,0.0011,1e-05,1.8068,1399
960512,469,0,9,0,2,0,7,-0.00252,0.0,1.8248,1579
962560,470,0,16,0,2,0,14,-0.00098,0.0,1.8551,1457
964608,471,0,15,0,7,0,8,-0.00101,0.0,1.8827,1562
966656,472,0,9,0,4,0,5,-0.00253,0.0,1.9077,1421
968704,473,0,16,0,3,0,13,-0.00164,0.0,1.9122,1414
970752,474,0,10,0,2,0,8,-0.00065,1e-05,1.9067,1368
972800,475,0,10,0,3,0,7,-0.00213,1e-05,1.8894,1570
974848,476,0,16,0,5,0,11,7e-05,1e-05,1.8754,1294
976896,477,0,13,0,3,1,9,-0.00145,1e-05,1.8735,1555
978944,478,0,10,0,5,0,5,-0.00019,1e-05,1.8739,1462
980992,479,0,16,0,4,0,12,-0.00109,1e-05,1.8872,1306
983040,480,0,12,0,3,0,9,-0.00071,2e-05,1.8833,1333
985088,481,0,14,0,5,0,9,0.00122,1e-05,1.8864,1411
987136,482,0,10,0,4,0,6,-0.00201,2e-05,1.8711,1458
989184,483,0,14,0,5,0,9,-0.00294,1e-05,1.8534,1515
991232,484,0,15,0,6,0,9,-0.00432,1e-05,1.8597,1595
993280,485,0,13,0,3,0,10,-0.00164,1e-05,1.8734,1442
995328,486,0,11,0,2,0,9,-0.00321,1e-05,1.8634,1477
997376,487,0,11,0,4,0,7,-0.00312,1e-05,1.8221,1330
999424,488,0,10,0,3,0,7,-0.00172,2e-05,1.7906,1520
1001472,489,0,13,0,2,0,11,0.00209,1e-05,1.8089,1484
1003520,490,0,12,0,1,0,11,-0.00204,1e-05,1.7939,1479
1005568,491,0,7,0,1,0,6,-0.00147,1e-05,1.7952,1520
1007616,492,0,18,0,4,0,14,-0.0014,1e-05,1.7782,1628
1009664,493,0,11,0,5,0,6,-0.00085,0.0,1.8004,1592
1011712,494,0,10,0,1,0,9,-0.00016,1e-05,1.7986,1462
1013760,495,0,14,0,2,0,12,-0.0011,1e-05,1.7876,1467
1015808,496,0,9,0,1,0,8,-0.00252,1e-05,1.7717,1390
1017856,497,0,14,0,5,0,9,-0.0007,1e-05,1.7927,1595
1019904,498,0,16,0,5,0,11,-0.00151,2e-05,1.7601,1616
1021952,499,0,14,0,5,0,9,-0.00242,1e-05,1.77,1582
1024000,500,0,9,0,2,0,7,-0.00273,1e-05,1.7917,1479
1026048,501,0,14,0,0,0,14,-0.00143,1e-05,1.7959,1512
1028096,502,0,15,0,7,0,8,-0.00332,1e-05,1.8353,1496
1030144,503,0,8,0,3,0,5,-0.00099,2e-05,1.8313,1545
1032192,504,0,15,0,3,0,12,-0.00214,1e-05,1.8079,1396
1034240,505,0,11,0,2,0,9,0.00022,3e-05,1.8325,1555
1036288,506,0,14,0,5,0,9,-0.00282,3e-05,1.8301,1517
1038336,507,0,13,0,4,0,9,0.00289,6e-05,1.8134,1520
1040384,508,0,10,0,1,0,9,-0.00374,5e-05,1.8002,1550
1042432,509,0,12,0,4,0,8,0.00698,3e-05,1.8159,1365
1044480,510,0,12,0,2,0,10,-0.00074,4e-05,1.8126,1483
1046528,511,0,13,0,4,0,9,-0.00071,4e-05,1.778,1593
1048576,512,0,11,0,4,0,7,-0.00377,2e-05,1.7598,1594
1050624,513,0,16,0,7,0,9,-0.00033,2e-05,1.8006,1594
1052672,514,0,13,0,2,0,11,-0.00236,2e-05,1.7766,1473
1054720,515,0,12,0,6,0,6,-0.00182,3e-05,1.7901,1474
1056768,516,0,12,0,2,0,10,-0.00227,2e-05,1.7389,1415
1058816,517,0,11,0,0,0,11,-0.00618,2e-05,1.7419,1250
1060864,518,0,11,0,3,0,8,-0.00182,2e-05,1.7463,1348
1062912,519,0,13,0,3,0,10,-0.00173,1e-05,1.7651,1515
1064960,520,0,14,0,3,0,11,-0.00304,3e-05,1.757,1569
1067008,521,0,10,0,1,0,9,-0.00302,2e-05,1.7188,1616
1069056,522,0,12,0,3,0,9,-0.00128,2e-05,1.7583,1415
1071104,523,0,11,0,0,0,11,-0.00068,1e-05,1.767,1503
1073152,524,0,9,0,2,0,7,-0.00258,2e-05,1.7692,1551
1075200,525,0,16,0,5,0,11,0.00096,1e-05,1.7442,1635
1077248,526,0,10,0,1,0,9,-0.00146,1e-05,1.7255,1628
1079296,527,0,11,0,1,0,10,-0.00347,1e-05,1.6813,1489
1081344,528,0,13,0,2,0,11,-0.00248,2e-05,1.631,1422
1083392,529,0,9,0,1,0,8,-0.00096,1e-05,1.6452,1478
1085440,530,0,12,0,1,0,11,-0.00189,1e-05,1.6678,1477
1087488,531,0,11,0,2,0,9,-0.00088,1e-05,1.6757,1484
1089536,532,0,13,0,2,0,11,-0.00167,0.0,1.7479,1490
1091584,533,0,9,0,4,0,5,-0.00539,1e-05,1.8196,1409
1093632,534,0,13,0,2,0,11,-0.0009,1e-05,1.8254,1433
1095680,535,0,13,0,5,0,8,0.00124,0.0,1.8469,1467
1097728,536,0,14,0,3,0,11,-0.00071,0.0,1.851,1607
1099776,537,0,12,0,2,0,10,-0.00101,1e-05,1.8686,1508
1101824,538,0,12,0,4,0,8,-0.00261,0.0,1.8585,1485
1103872,539,0,13,0,4,0,9,0.00028,1e-05,1.8434,1501
1105920,540,0,14,0,7,0,7,-0.00331,0.0,1.8813,1401
1107968,541,0,16,0,4,0,12,-0.0,0.0,1.8939,1471
1110016,542,0,14,0,7,0,7,-0.00096,1e-05,1.9108,1425
1112064,543,0,11,0,5,0,6,-0.00161,1e-05,1.9123,1414
1114112,544,0,13,0,4,0,9,-0.00046,1e-05,1.9084,1560
1116160,545,0,16,0,7,0,9,-0.00038,1e-05,1.9247,1478
1118208,546,0,13,0,6,0,7,-0.00149,2e-05,1.9293,1564
1120256,547,0,13,0,5,0,8,-0.0003,2e-05,1.9305,1364
1122304,548,0,16,0,6,0,10,-0.00038,2e-05,1.9267,1575
1124352,549,0,13,0,5,0,8,-0.00191,3e-05,1.9224,1486
1126400,550,0,18,0,7,0,11,0.00014,2e-05,1.9277,1539
1128448,551,0,14,0,9,0,5,-0.002,1e-05,1.9211,1629
1130496,552,0,11,0,6,0,5,-0.00405,1e-05,1.9314,1530
1132544,553,0,20,0,7,0,13,-0.00039,1e-05,1.9353,1611
1134592,554,0,12,0,3,1,8,-0.00057,1e-05,1.9373,1616
1136640,555,0,10,0,6,0,4,-0.00076,2e-05,1.9344,1559
1138688,556,0,17,0,6,0,11,-0.00097,1e-05,1.9318,1607
1140736,557,0,10,0,4,0,6,0.00025,2e-05,1.9275,1508
1142784,558,0,13,0,5,0,8,-0.00085,1e-05,1.9247,1478
1144832,559,0,16,0,6,0,10,-0.00103,2e-05,1.928,1633
1146880,560,0,18,0,13,0,5,-0.00038,0.0,1.9316,1578
1148928,561,0,15,0,7,0,8,-0.00036,1e-05,1.933,1495
1150976,562,0,16,0,5,0,11,-0.00123,1e-05,1.9316,1414
1153024,563,0,13,0,6,0,7,-0.00083,1e-05,1.9301,1518
1155072,564,0,15,0,7,0,8,0.00024,0.0,1.9242,1454
1157120,565,0,17,0,6,0,11,-4e-05,1e-05,1.9203,1547
1159168,566,0,11,0,5,0,6,-0.00143,1e-05,1.9024,1540
1161216,567,0,12,0,3,0,9,0.00043,0.0,1.9048,1484
1163264,568,0,13,0,3,0,10,-0.00029,1e-05,1.9039,1489
1165312,569,0,12,0,5,0,7,-0.00327,1e-05,1.8897,1568
1167360,570,0,14,0,8,0,6,-0.00192,1e-05,1.8802,1599
1169408,571,0,16,0,9,0,7,-0.00177,1e-05,1.8924,1500
1171456,572,0,14,0,6,0,8,-0.00128,1e-05,1.9147,1547
1173504,573,0,18,0,9,0,9,-0.00117,1e-05,1.9318,1549
1175552,574,0,18,0,10,0,8,-0.00098,1e-05,1.9365,1353
1177600,575,0,8,0,2,0,6,-0.00071,1e-05,1.9328,1421
1179648,576,0,20,0,12,0,8,-0.00177,1e-05,1.9369,1428
1181696,577,0,17,0,8,0,9,-0.00203,2e-05,1.9406,1529
1183744,578,0,14,0,8,0,6,-0.00159,1e-05,1.9378,1589
1185792,579,0,19,0,11,0,8,-0.00246,1e-05,1.9318,1441
1187840,580,0,21,0,15,0,6,-0.00067,1e-05,1.9304,1502
1189888,581,0,18,0,12,0,6,-0.00051,1e-05,1.9246,1547
1191936,582,0,14,0,8,0,6,-0.00278,1e-05,1.9064,1393
1193984,583,0,14,0,6,0,8,-0.00076,1e-05,1.9204,1408
1196032,584,0,14,0,5,0,9,-0.00056,1e-05,1.9252,1529
1198080,585,0,14,0,7,0,7,-0.00101,1e-05,1.9252,1608
1200128,586,0,12,0,3,0,9,0.00016,1e-05,1.9226,1491
1202176,587,0,13,0,6,0,7,-0.00099,1e-05,1.924,1467
1204224,588,0,15,0,4,0,11,-0.00281,1e-05,1.928,1476
1206272,589,0,13,0,5,0,8,-0.00193,1e-05,1.9093,1481
1208320,590,0,12,0,4,0,8,-0.00075,1e-05,1.8962,1483
1210368,591,0,13,0,6,0,7,-0.0016,1e-05,1.9051,1567
1212416,592,0,14,0,5,0,9,-0.00124,1e-05,1.9008,1507
1214464,593,0,15,0,9,0,6,-0.00281,1e-05,1.9027,1532
1216512,594,0,8,0,1,0,7,-0.00255,1e-05,1.9163,1450
1218560,595,0,15,0,7,0,8,-0.00344,3e-05,1.9287,1536
1220608,596,0,15,0,6,0,9,-0.00096,3e-05,1.9314,1571
1222656,597,0,10,0,5,0,5,-0.00485,3e-05,1.9368,1347
1224704,598,0,15,0,5,0,10,-0.00106,3e-05,1.9229,1480
1226752,599,0,12,0,6,0,6,-0.00192,5e-05,1.9023,1432
1228800,600,0,20,0,11,0,9,-0.0012,4e-05,1.8545,1290
1230848,601,0,11,0,3,0,8,-0.0031,2e-05,1.8765,1472
1232896,602,0,12,0,4,0,8,-0.00137,2e-05,1.8686,1607
1234944,603,0,15,0,4,0,11,-0.00102,1e-05,1.8812,1487
1236992,604,0,10,0,6,0,4,-0.00112,1e-05,1.9091,1432
1239040,605,0,15,0,5,0,10,-0.00245,3e-05,1.903,1416
1241088,606,0,11,0,3,0,8,2e-05,2e-05,1.8886,1560
1243136,607,0,13,0,4,0,9,-0.00086,1e-05,1.883,1458
1245184,608,0,15,0,4,0,11,-0.0005,3e-05,1.8847,1590
1247232,609,0,11,0,6,0,5,-0.00407,2e-05,1.8663,1452
1249280,610,0,14,0,4,0,10,-0.00562,4e-05,1.829,1639
1251328,611,0,17,0,6,0,11,-0.00169,3e-05,1.7896,1471
1253376,612,0,15,0,8,0,7,-0.00195,3e-05,1.7532,1516
1255424,613,0,10,0,2,0,8,0.00109,2e-05,1.749,1498
1257472,614,0,12,0,2,0,10,-0.00143,1e-05,1.7746,1418
1259520,615,0,13,0,2,0,11,0.00063,1e-05,1.7664,1517
1261568,616,0,8,0,2,0,6,0.00072,1e-05,1.7142,1551
1263616,617,0,17,0,5,0,12,-0.00045,2e-05,1.7592,1564
1265664,618,0,12,0,3,0,9,-0.00115,1e-05,1.7668,1520
1267712,619,0,10,0,2,0,8,-0.00149,2e-05,1.7157,1359
1269760,620,0,14,0,3,0,11,-0.00244,1e-05,1.7365,1347
1271808,621,0,11,0,3,0,8,-0.00295,2e-05,1.7808,1559
1273856,622,0,10,0,2,0,8,-0.00037,2e-05,1.7562,1400
1275904,623,0,16,0,4,0,12,-0.00063,1e-05,1.783,1519
1277952,624,0,12,0,4,0,8,-0.00296,1e-05,1.7896,1355
1280000,625,0,11,0,3,0,8,0.00194,2e-05,1.8075,1430
1282048,626,0,17,0,5,0,12,-0.00309,1e-05,1.7763,1410
1284096,627,0,10,0,3,0,7,-0.0011,1e-05,1.7939,1487
1286144,628,0,11,0,2,0,9,-0.00202,1e-05,1.7498,1433
1288192,629,0,18,0,5,0,13,-0.00138,0.0,1.7704,1402
1290240,630,0,7,0,4,0,3,0.0003,1e-05,1.7841,1465
1292288,631,0,14,0,3,0,11,-0.00426,1e-05,1.7659,1568
1294336,632,0,11,0,4,0,7,-0.00327,1e-05,1.8076,1599
1296384,633,0,13,0,3,0,10,-0.00013,2e-05,1.8194,1342
1298432,634,0,14,0,4,0,10,-0.00099,1e-05,1.829,1413
1300480,635,0,13,0,5,0,8,-0.00461,1e-05,1.7709,1436
1302528,636,0,13,0,3,0,10,-0.001,2e-05,1.8101,1555
1304576,637,0,13,0,5,0,8,-0.00264,2e-05,1.8039,1579
1306624,638,0,9,0,5,0,4,-0.00147,1e-05,1.8198,1569
1308672,639,0,16,0,5,0,11,-0.00094,1e-05,1.832,1480
1310720,640,0,13,0,5,0,8,-0.00264,1e-05,1.8458,1401
1312768,641,0,16,0,7,0,9,-0.0021,2e-05,1.8695,1521
1314816,642,0,14,0,6,0,8,-0.00155,2e-05,1.8906,1521
1316864,643,0,9,0,2,0,7,-0.00274,2e-05,1.9077,1615
1318912,644,0,13,0,3,0,10,-0.00586,2e-05,1.9032,1602
1320960,645,0,12,0,2,0,10,-0.00408,1e-05,1.9077,1575
1323008,646,0,12,0,3,0,9,-0.00573,1e-05,1.912,1521
1325056,647,0,12,0,3,0,9,-0.00331,3e-05,1.9185,1439
1327104,648,0,18,0,9,0,9,-0.00237,2e-05,1.9092,1376
1329152,649,0,10,0,5,0,5,-0.00376,2e-05,1.9198,1511
1331200,650,0,14,0,6,0,8,-0.00034,1e-05,1.9168,1549
1333248,651,0,17,1,6,0,10,-0.00179,0.00099,1.9222,1528
1335296,652,0,15,0,7,0,8,-0.00119,1e-05,1.9295,1564
1337344,653,0,17,0,6,0,11,-0.00255,1e-05,1.9297,1521
1339392,654,0,15,0,9,0,6,-0.004,2e-05,1.9197,1500
1341440,655,0,12,0,6,0,6,1e-05,2e-05,1.9028,1399
1343488,656,0,14,0,2,0,12,0.00027,2e-05,1.8862,1605
1345536,657,0,8,1,2,0,5,-0.00071,0.00058,1.902,1673
1347584,658,0,19,0,7,0,12,-0.00144,1e-05,1.8925,1567
1349632,659,0,14,0,5,0,9,-0.00186,2e-05,1.8906,1589
1351680,660,0,11,0,5,0,6,-0.00159,1e-05,1.883,1559
1353728,661,0,17,0,6,0,11,0.00068,1e-05,1.8489,1568
1355776,662,0,9,0,1,0,8,-0.0024,3e-05,1.9091,1604
1357824,663,0,13,0,4,0,9,-0.00152,3e-05,1.9099,1432
1359872,664,0,15,0,5,0,10,-0.00397,5e-05,1.8925,1404
1361920,665,0,15,0,8,0,7,-0.0006,2e-05,1.9014,1407
1363968,666,0,12,0,5,0,7,-0.00131,2e-05,1.8859,1517
1366016,667,0,17,0,5,0,12,0.00188,3e-05,1.8868,1634
1368064,668,0,11,0,3,0,8,0.00054,3e-05,1.8814,1482
1370112,669,0,12,0,5,0,7,-0.00193,3e-05,1.8901,1479
1372160,670,0,22,0,14,0,8,-0.0021,2e-05,1.9034,1414
1374208,671,0,11,0,5,0,6,-0.00096,3e-05,1.9024,1421
1376256,672,0,16,0,9,1,6,-0.00192,3e-05,1.886,1614
1378304,673,0,19,0,11,0,8,-0.0021,3e-05,1.8596,1488
1380352,674,0,12,0,9,0,3,-0.00539,1e-05,1.883,1544
1382400,675,0,13,0,2,0,11,-0.00109,2e-05,1.8602,1435
1384448,676,0,13,0,7,0,6,-0.00189,4e-05,1.8865,1521
1386496,677,0,19,1,8,0,10,-0.00164,0.00058,1.8538,1513
1388544,678,0,15,0,8,0,7,-0.00038,2e-05,1.8288,1528
1390592,679,0,13,0,5,0,8,-0.0009,2e-05,1.8218,1499
1392640,680,0,21,0,9,0,12,-0.00304,1e-05,1.8167,1611
1394688,681,0,12,0,7,0,5,-0.00042,1e-05,1.8369,1555
1396736,682,0,13,0,6,0,7,-0.00197,1e-05,1.8314,1557
1398784,683,0,14,0,5,1,8,-0.00294,2e-05,1.8033,1536
1400832,684,0,16,0,8,0,8,-0.00054,1e-05,1.7903,1414
1402880,685,0,14,0,4,0,10,-0.00201,3e-05,1.8161,1516
1404928,686,0,18,0,9,0,9,-0.00064,1e-05,1.8407,1561
1406976,687,0,14,0,7,0,7,-0.00107,2e-05,1.8321,1531
1409024,688,0,13,0,3,0,10,7e-05,1e-05,1.8628,1527
1411072,689,0,12,0,5,0,7,-0.00292,3e-05,1.8267,1507
1413120,690,0,16,0,6,0,10,0.00201,2e-05,1.8247,1583
1415168,691,0,13,0,5,0,8,-0.00366,2e-05,1.7775,1537
1417216,692,0,12,0,5,0,7,-0.0001,1e-05,1.7964,1420
1419264,693,0,12,0,3,0,9,-0.00106,2e-05,1.8206,1447
1421312,694,0,16,0,9,0,7,-0.00164,2e-05,1.8142,1531
1423360,695,0,20,0,10,0,10,-0.00435,1e-05,1.7932,1645
1425408,696,0,10,0,1,0,9,-0.00271,2e-05,1.8324,1552
1427456,697,0,21,0,13,0,8,-0.00047,2e-05,1.858,1617
1429504,698,0,15,0,6,0,9,-0.00119,2e-05,1.8611,1362
1431552,699,0,14,0,9,0,5,-0.00018,2e-05,1.867,1462
1433600,700,0,17,0,7,0,10,-0.00117,1e-05,1.8792,1542
1435648,701,0,18,0,10,1,7,0.00047,1e-05,1.8769,1558
1437696,702,0,11,0,4,0,7,-0.00074,1e-05,1.8774,1513
1439744,703,0,18,0,6,1,11,-0.00088,1e-05,1.8401,1487
1441792,704,0,10,0,1,0,9,-0.00086,1e-05,1.8277,1475
1443840,705,0,18,0,11,0,7,-0.00345,2e-05,1.8432,1467
1445888,706,0,21,0,13,0,8,-0.00182,1e-05,1.8354,1399
1447936,707,0,13,0,8,0,5,-0.00197,1e-05,1.8364,1405
1449984,708,0,18,0,8,0,10,-0.00195,2e-05,1.8429,1444
1452032,709,0,22,0,14,0,8,-0.00163,1e-05,1.8518,1461
1454080,710,0,9,0,5,0,4,-0.00015,1e-05,1.8682,1443
1456128,711,0,21,0,10,0,11,0.00013,1e-05,1.8813,1598
1458176,712,0,15,0,7,0,8,-0.00041,1e-05,1.8715,1537
1460224,713,0,18,0,11,0,7,-0.00107,0.0,1.8638,1464
1462272,714,0,12,0,7,0,5,-7e-05,1e-05,1.8697,1343
1464320,715,0,21,0,12,0,9,-0.00084,0.0,1.863,1424
1466368,716,0,18,0,12,0,6,-0.00032,0.0,1.8562,1428
1468416,717,0,17,0,9,0,8,-0.00181,1e-05,1.8604,1595
1470464,718,0,12,0,6,0,6,-0.00176,1e-05,1.8585,1538
1472512,719,0,17,0,7,1,9,-0.00069,1e-05,1.8773,1444
1474560,720,0,16,0,11,0,5,-0.00133,1e-05,1.8672,1484
1476608,721,0,15,0,9,0,6,-7e-05,0.0,1.8581,1547
1478656,722,0,14,0,8,1,5,-0.00166,0.0,1.8571,1552
1480704,723,0,17,0,5,0,12,-0.0014,1e-05,1.8911,1418
1482752,724,0,17,0,11,0,6,-0.00036,0.0,1.9013,1651
1484800,725,0,14,0,9,0,5,-0.00096,1e-05,1.911,1559
1486848,726,0,18,0,12,0,6,-0.00124,0.0,1.9026,1427
1488896,727,0,23,0,14,0,9,-0.00025,1e-05,1.8844,1508
1490944,728,0,21,0,17,0,4,-0.00208,1e-05,1.8614,1490
1492992,729,0,13,0,6,0,7,-0.00133,1e-05,1.8078,1494
1495040,730,0,15,0,8,0,7,-0.00317,1e-05,1.7742,1409
1497088,731,0,20,0,12,0,8,-0.0001,2e-05,1.7324,1386
1499136,732,0,15,0,7,1,7,-0.00447,2e-05,1.6951,1529
1501184,733,0,18,0,12,0,6,-0.00107,1e-05,1.6785,1489
1503232,734,0,21,0,19,0,2,-0.00123,2e-05,1.6154,1378
1505280,735,0,15,0,6,1,8,-0.00032,1e-05,1.591,1467
1507328,736,0,17,1,10,0,6,-0.00196,5e-05,1.5821,1468
1509376,737,0,20,1,12,0,7,0.00023,0.00045,1.5504,1403
1511424,738,0,18,0,11,0,7,-0.00149,1e-05,1.5771,1411
1513472,739,0,26,0,19,0,7,-0.00028,1e-05,1.593,1545
1515520,740,0,17,0,13,0,4,-0.00036,1e-05,1.6235,1380
1517568,741,0,21,1,12,1,7,-0.00235,0.00127,1.6597,1445
1519616,742,0,14,0,9,1,4,-0.00186,2e-05,1.6558,1599
1521664,743,0,24,0,14,1,9,0.00073,1e-05,1.6924,1498
1523712,744,0,19,0,15,0,4,-0.00076,1e-05,1.6597,1500
1525760,745,0,19,0,11,1,7,-0.00156,1e-05,1.625,1449
1527808,746,0,34,0,27,0,7,-0.00171,1e-05,1.5986,1424
1529856,747,0,11,0,9,0,2,-0.00146,1e-05,1.6493,1381
1531904,748,0,20,0,11,0,9,-0.00295,0.0,1.5938,1423
1533952,749,0,21,2,13,0,6,-0.0011,0.00095,1.6097,1505
1536000,750,0,17,1,10,0,6,-0.00189,0.0009,1.5242,1476
1538048,751,0,16,1,8,0,7,-0.00124,6e-05,1.4737,1244
1540096,752,0,20,0,14,0,6,-0.00426,1e-05,1.447,1408
1542144,753,0,13,0,4,1,8,-0.00216,1e-05,1.4127,1595
1544192,754,0,11,0,2,0,9,-0.00243,1e-05,1.3599,1547
1546240,755,0,16,0,9,0,7,-0.00194,1e-05,1.3969,1529
1548288,756,0,17,0,7,0,10,-0.00076,1e-05,1.424,1539
1550336,757,0,8,0,4,0,4,-0.00165,1e-05,1.398,1416
1552384,758,0,14,0,4,0,10,-0.00013,1e-05,1.3545,1434
1554432,759,0,15,0,5,0,10,-0.00199,1e-05,1.3154,1553
1556480,760,0,12,0,4,0,8,0.0001,1e-05,1.3561,1483
1558528,761,0,15,0,8,1,6,-0.00038,1e-05,1.3281,1519
1560576,762,0,12,0,3,0,9,0.00052,1e-05,1.3508,1416
1562624,763,0,12,0,2,0,10,-0.00032,1e-05,1.3463,1578
1564672,764,0,16,0,7,0,9,-0.0021,0.0,1.3666,1487
1566720,765,0,10,0,2,0,8,-0.00374,0.0,1.418,1314
1568768,766,0,14,0,5,0,9,-0.00267,0.0,1.4478,1351
1570816,767,0,14,1,4,0,9,-0.00036,0.00023,1.4621,1452
1572864,768,0,11,0,2,0,9,-0.00081,1e-05,1.4887,1465
1574912,769,0,13,0,3,0,10,-0.00068,0.0,1.5202,1498
1576960,770,0,12,0,3,0,9,-0.00375,1e-05,1.5217,1513
1579008,771,0,13,0,5,0,8,-0.00479,0.0,1.5238,1420
1581056,772,0,14,0,7,0,7,-0.0029,0.0,1.5222,1382
1583104,773,0,12,0,3,0,9,-0.00316,0.0,1.5364,1416
1585152,774,0,13,0,2,0,11,-0.00325,1e-05,1.515,1626
1587200,775,0,9,0,1,0,8,-0.00198,0.0,1.4901,1564
1589248,776,0,20,0,10,0,10,-0.00283,0.0,1.43,1398
1591296,777,0,11,0,3,0,8,-0.00191,1e-05,1.3822,1388
1593344,778,0,14,0,5,0,9,-0.00083,0.0,1.3147,1294
1595392,779,0,12,0,1,0,11,-0.002,0.0,1.3168,1439
1597440,780,0,12,0,2,0,10,-0.00417,0.0,1.2876,1309
1599488,781,0,11,0,2,0,9,-0.00207,0.0,1.1926,1442
1601536,782,0,17,0,6,0,11,-0.00191,1e-05,1.1121,1461
1603584,783,0,8,0,0,0,8,0.00037,1e-05,1.1777,1541
1605632,784,0,13,0,4,0,9,-0.00263,0.0,1.1257,1578
1607680,785,0,17,0,5,0,12,-0.00257,1e-05,1.186,1401
1609728,786,0,7,0,1,0,6,-0.00057,0.0,1.2473,1459
1611776,787,0,18,0,6,0,12,-0.00092,0.0,1.1797,1523
1613824,788,0,12,0,0,0,12,-0.00025,1e-05,1.1996,1540
1615872,789,0,8,0,1,0,7,-0.0007,0.0,1.2289,1534
1617920,790,0,15,0,3,0,12,-0.00225,1e-05,1.2401,1573
1619968,791,0,11,0,4,0,7,0.0005,1e-05,1.2703,1541
1622016,792,0,11,0,0,0,11,0.0005,1e-05,1.3255,1500
1624064,793,0,13,0,2,0,11,-0.00329,1e-05,1.2844,1419
1626112,794,0,9,0,0,0,9,-0.00167,1e-05,1.338,1439
1628160,795,0,13,0,1,0,12,-0.00219,0.0,1.2902,1398
1630208,796,0,15,0,5,0,10,-0.00501,1e-05,1.2533,1541
1632256,797,0,6,0,0,0,6,-0.00109,0.0,1.2995,1506
1634304,798,0,16,0,3,0,13,-0.00096,0.0,1.3244,1425
1636352,799,0,15,0,3,0,12,0.00014,1e-05,1.3488,1443
1638400,800,0,8,0,3,0,5,-0.00176,0.0,1.4091,1501
1640448,801,0,15,0,4,0,11,-0.0014,0.0,1.4948,1342
1642496,802,0,15,0,2,0,13,-0.00044,1e-05,1.4885,1455
1644544,803,0,7,0,2,0,5,-0.00239,1e-05,1.4968,1518
1646592,804,0,16,0,3,0,13,-0.00079,0.0,1.521,1424
1648640,805,0,11,0,1,0,10,-0.0008,0.0,1.5021,1512
1650688,806,0,11,0,4,0,7,-0.00126,1e-05,1.507,1431
1652736,807,0,14,0,2,0,12,-0.00161,1e-05,1.466,1303
1654784,808,0,9,0,2,0,7,-0.00248,1e-05,1.4366,1336
1656832,809,0,12,0,2,0,10,0.00049,0.0,1.4539,1529
1658880,810,0,11,0,0,0,11,-0.00134,0.0,1.4155,1261
1660928,811,0,12,0,3,0,9,-0.00224,0.0,1.4067,1442
1662976,812,0,14,0,3,0,11,-0.00189,0.0,1.4329,1417
1665024,813,0,11,0,1,0,10,-0.00119,0.0,1.4271,1414
1667072,814,0,13,0,4,0,9,-0.00308,0.0,1.4237,1300
1669120,815,0,15,0,4,0,11,-0.00292,1e-05,1.3728,1396
1671168,816,0,8,0,0,0,8,-0.00234,1e-05,1.2836,1457
1673216,817,0,14,0,2,0,12,-0.00186,0.0,1.1904,1523
1675264,818,0,11,0,0,0,11,-0.00269,0.0,1.037,1409
1677312,819,0,8,0,2,0,6,-0.0024,1e-05,1.0294,1524
1679360,820,0,15,0,1,0,14,-0.001,1e-05,1.0255,1255
1681408,821,0,10,0,1,0,9,0.00062,1e-05,0.9894,1160
1683456,822,0,11,0,2,0,9,-0.00031,1e-05,1.0769,1487
1685504,823,0,13,0,0,0,13,-0.00167,0.0,1.1496,1560
1687552,824,0,10,0,2,0,8,-0.00018,0.0,1.1855,1452
1689600,825,0,13,0,2,0,11,-0.00101,0.0,1.2447,1437
1691648,826,0,13,0,1,0,12,-0.00117,0.0,1.2694,1438
1693696,827,0,9,0,0,0,9,-0.00062,1e-05,1.2904,1341
1695744,828,0,13,0,2,0,11,-0.00063,0.0,1.296,1444
1697792,829,0,12,0,2,0,10,-0.00279,1e-05,1.2565,1506
1699840,830,0,14,0,3,0,11,0.00039,1e-05,1.2679,1351
1701888,831,0,12,0,2,0,10,0.00019,0.0,1.296,1460
1703936,832,0,15,0,5,0,10,-0.0023,0.0,1.2554,1537
1705984,833,0,8,0,0,0,8,1e-05,0.0,1.2668,1436
1708032,834,0,14,0,2,0,12,0.00043,0.0,1.3078,1487
1710080,835,0,13,0,2,0,11,0.00031,1e-05,1.3244,1397
1712128,836,0,8,0,0,0,8,0.00016,0.0,1.3253,1358
1714176,837,0,14,0,2,0,12,-0.00218,0.0,1.3447,1547
1716224,838,0,15,0,3,0,12,-0.00279,0.0,1.3886,1428
1718272,839,0,6,0,0,0,6,-0.00234,0.0,1.4048,1441
1720320,840,0,15,0,2,0,13,-0.00304,0.0,1.4122,1342
1722368,841,0,13,0,3,0,10,-0.00026,0.0,1.399,1423
1724416,842,0,9,0,1,0,8,-0.00167,0.0,1.4471,1450
1726464,843,0,14,0,2,0,12,-0.00032,0.0,1.4607,1304
1728512,844,0,10,0,3,0,7,-0.00368,0.0,1.4437,1464
1730560,845,0,11,0,0,0,11,0.00021,0.0,1.4351,1437
1732608,846,0,11,0,0,0,11,-0.00285,0.0,1.4252,1330
1734656,847,0,11,0,1,0,10,-0.00077,0.0,1.4894,1287
1736704,848,0,9,0,1,0,8,-0.00132,0.0,1.4996,1479
1738752,849,0,19,0,7,0,12,0.00097,0.0,1.4957,1499
1740800,850,0,9,0,0,0,9,-0.00101,0.0,1.4692,1543
1742848,851,0,12,0,3,0,9,-0.00034,0.0,1.4697,1543
1744896,852,0,16,0,4,0,12,0.00143,0.0,1.4735,1527
1746944,853,0,14,0,5,1,8,-0.0016,0.0,1.4355,1514
1748992,854,0,9,0,0,0,9,-0.00449,0.0,1.3561,1512
1751040,855,0,14,0,4,0,10,-0.0004,0.0,1.3447,1366
1753088,856,0,10,0,0,0,10,-0.00184,0.0,1.3711,1439
1755136,857,0,10,0,0,0,10,-0.00078,1e-05,1.4073,1397
1757184,858,0,14,0,3,0,11,0.00055,0.0,1.4342,1448
1759232,859,0,10,0,2,0,8,-0.00083,0.0,1.4935,1447
1761280,860,0,17,0,5,0,12,-0.00224,0.0,1.5319,1565
1763328,861,0,9,0,1,0,8,-0.00055,0.0,1.5308,1412
1765376,862,0,10,0,0,0,10,-0.00293,0.0,1.5343,1440
1767424,863,0,17,0,4,0,13,-0.00264,0.0,1.5441,1479
1769472,864,0,7,0,0,0,7,-0.0045,0.0,1.5438,1311
1771520,865,0,17,0,5,0,12,-0.00307,0.0,1.5046,1465
1773568,866,0,15,0,6,0,9,0.00021,0.0,1.5097,1511
1775616,867,0,11,0,5,0,6,-0.00139,0.0,1.5042,1458
1777664,868,0,17,0,4,0,13,-0.00402,0.0,1.5089,1408
1779712,869,0,10,0,1,0,9,-0.00104,0.0,1.4914,1552
1781760,870,0,9,0,1,0,8,4e-05,0.0,1.4568,1297
1783808,871,0,16,0,2,0,14,-0.0009,0.0,1.449,1373
1785856,872,0,11,0,2,0,9,-0.00418,0.0,1.4674,1490
1787904,873,0,10,0,1,0,9,0.00122,0.0,1.4588,1530
1789952,874,0,13,0,1,0,12,-0.00268,0.0,1.4353,1532
1792000,875,0,10,0,2,0,8,-0.00079,0.0,1.3582,1529
1794048,876,0,13,0,2,0,11,-0.00153,0.0,1.3245,1548
1796096,877,0,11,0,2,0,9,-0.00056,0.0,1.3329,1585
1798144,878,0,12,0,1,0,11,-0.00103,0.0,1.3625,1269
1800192,879,0,13,0,2,0,11,0.00034,0.0,1.3735,1211
1802240,880,0,11,0,1,0,10,-0.00038,0.0,1.3877,1505
1804288,881,0,10,0,1,0,9,-0.00471,0.0,1.4093,1466
1806336,882,0,14,0,1,0,13,-7e-05,0.0,1.4069,1338
1808384,883,0,16,0,6,0,10,-0.00023,0.0,1.4031,1489
1810432,884,0,9,0,2,0,7,-0.00174,0.0,1.394,1427
1812480,885,0,14,0,0,0,14,-0.00046,0.0,1.3912,1286
1814528,886,0,10,0,1,0,9,-0.00256,0.0,1.4389,1415
1816576,887,0,7,0,1,0,6,0.00014,0.0,1.4866,1481
1818624,888,0,17,0,1,0,16,-0.00295,0.0,1.4681,1507
1820672,889,0,8,0,0,0,8,-0.00103,0.0,1.4457,1437
1822720,890,0,9,0,1,0,8,-0.00063,0.0,1.4623,1349
1824768,891,0,21,0,7,0,14,-0.00245,0.0,1.4655,1372
1826816,892,0,8,0,1,0,7,-0.00131,0.0,1.4201,1304
1828864,893,0,13,0,4,0,9,-0.00048,0.0,1.3997,1458
1830912,894,0,15,0,1,0,14,-0.00228,0.0,1.3351,1594
1832960,895,0,7,0,0,0,7,-0.00079,0.0,1.3179,1537
1835008,896,0,13,0,2,0,11,-0.00259,0.0,1.3507,1323
1837056,897,0,11,0,3,0,8,0.00066,0.0,1.4043,1392
1839104,898,0,12,0,2,0,10,-0.00024,0.0,1.3951,1373
1841152,899,0,16,0,4,0,12,-0.00038,0.0,1.4167,1363
1843200,900,0,9,0,1,0,8,-0.00082,0.0,1.4295,1351
1845248,901,0,10,0,1,0,9,-0.00123,0.0,1.3915,1460
1847296,902,0,17,0,2,0,15,-0.00374,0.0,1.3797,1328
1849344,903,0,9,0,1,0,8,-0.00038,0.0,1.4214,1394
1851392,904,0,13,0,4,0,9,-0.00158,0.0,1.4098,1059
1853440,905,0,18,0,4,0,14,-0.00072,0.0,1.4176,1155
1855488,906,0,6,0,0,0,6,-0.00245,0.0,1.3919,1485
1857536,907,0,13,0,1,0,12,-0.00148,0.0,1.4032,1249
1859584,908,0,15,0,2,0,13,-0.0025,0.0,1.3908,1251
1861632,909,0,8,0,1,0,7,-0.00051,0.0,1.4081,1312
1863680,910,0,14,0,2,0,12,-0.00071,0.0,1.4053,1299
1865728,911,0,16,0,4,0,12,-0.00333,0.0,1.3202,1450
1867776,912,0,7,0,0,0,7,-4e-05,0.0,1.3158,1462
1869824,913,0,14,0,1,0,13,-0.00212,1e-05,1.333,1385
1871872,914,0,10,0,0,0,10,-0.00029,0.0,1.3752,1552
1873920,915,0,9,0,0,0,9,-0.00089,0.0,1.3655,1500
1875968,916,0,13,0,1,0,12,0.00019,0.0,1.4109,1356
1878016,917,0,11,0,1,0,10,-0.00117,0.0,1.3938,1265
1880064,918,0,9,0,1,0,8,-0.00354,0.0,1.4094,1296
1882112,919,0,16,0,2,0,14,-0.00209,0.0,1.3953,1426
1884160,920,0,6,0,0,0,6,-0.00052,0.0,1.4033,1582
1886208,921,0,11,0,0,0,11,-0.00275,0.0,1.4253,1460
1888256,922,0,19,0,4,0,15,-0.00213,0.0,1.4403,1404
1890304,923,0,6,0,0,0,6,-0.00016,0.0,1.438,1364
1892352,924,0,12,0,1,0,11,-0.00147,0.0,1.4301,1351
1894400,925,0,16,0,2,0,14,0.00013,0.0,1.4295,1283
1896448,926,0,8,0,2,0,6,-0.00171,0.0,1.4223,1440
1898496,927,0,12,0,0,0,12,-0.00192,0.0,1.4064,1461
1900544,928,0,14,0,2,0,12,-0.00083,0.0,1.3965,1346
1902592,929,0,8,0,1,0,7,-0.0004,0.0,1.4039,1565
1904640,930,0,16,0,3,0,13,-0.00044,0.0,1.4291,1509
1906688,931,0,14,0,2,0,12,-0.00161,0.0,1.4516,1451
1908736,932,0,8,0,1,0,7,-0.00108,0.0,1.4795,1516
1910784,933,0,14,0,2,0,12,-0.00088,0.0,1.5098,1408
1912832,934,0,14,0,4,0,10,-0.00246,0.0,1.5074,1568
1914880,935,0,8,0,1,0,7,-0.00019,0.0,1.5077,1587
1916928,936,0,16,0,2,0,14,-0.0017,0.0,1.4741,1539
1918976,937,0,9,0,2,0,7,-0.00223,0.0,1.4476,1542
1921024,938,0,10,0,1,0,9,-0.00256,0.0,1.4379,1357
1923072,939,0,15,0,0,0,15,-0.00045,0.0,1.4552,1465
1925120,940,0,10,0,2,0,8,-0.00223,0.0,1.4419,1363
1927168,941,0,10,0,1,0,9,-0.00066,0.0,1.41,1318
1929216,942,0,18,0,3,0,15,2e-05,0.0,1.4112,1600
1931264,943,0,5,0,0,0,5,-0.00405,1e-05,1.3694,1594
1933312,944,0,14,0,2,0,12,-0.00114,0.0,1.3706,1451
1935360,945,0,17,0,3,0,14,-0.00064,0.0,1.3836,1493
1937408,946,0,5,0,0,0,5,-0.00025,0.0,1.3892,1115
1939456,947,0,19,0,6,0,13,-0.00107,0.0,1.3897,1284
1941504,948,0,12,0,1,0,11,0.00022,0.0,1.3471,1393
1943552,949,0,7,0,1,0,6,-0.00085,0.0,1.3154,1535
1945600,950,0,15,0,0,0,15,-0.0005,1e-05,1.2853,1367
1947648,951,0,11,0,0,0,11,-0.0004,1e-05,1.3397,1497
1949696,952,0,7,0,1,0,6,-0.00165,0.0,1.3256,1330
1951744,953,0,17,0,3,0,14,-0.0018,0.0,1.3032,1109
1953792,954,0,10,0,1,0,9,-0.00063,0.0,1.3065,1436
1955840,955,0,9,0,0,0,9,0.0005,0.0,1.3406,1473
1957888,956,0,14,0,0,0,14,-0.00124,0.0,1.3788,1511
1959936,957,0,11,0,2,0,9,-0.0015,0.0,1.4012,1541
1961984,958,0,12,0,3,0,9,0.00058,0.0,1.4046,1375
1964032,959,0,17,0,3,0,14,-0.00051,0.0,1.391,1529
1966080,960,0,9,0,1,0,8,-0.00083,0.0,1.4263,1496
1968128,961,0,12,0,2,0,10,-0.0019,0.0,1.4381,1523
1970176,962,0,15,0,2,0,13,-0.0009,0.0,1.4185,1507
1972224,963,0,8,0,1,0,7,-0.00365,0.0,1.379,1506
1974272,964,0,15,0,4,0,11,0.00086,0.0,1.3818,1539
1976320,965,0,14,0,2,0,12,-0.00277,0.0,1.3633,1401
1978368,966,0,9,0,4,0,5,-0.00087,0.0,1.3597,1397
1980416,967,0,16,0,1,0,15,-3e-05,0.0,1.375,1219
1982464,968,0,12,0,0,0,12,-0.0018,0.0,1.3926,1458
1984512,969,0,5,0,0,0,5,-0.00208,0.0,1.342,1399
1986560,970,0,16,0,1,0,15,-0.0026,0.0,1.3473,1286
1988608,971,0,11,0,1,0,10,-0.00044,0.0,1.3081,1244
