global_step,update,phase,episodes,success,lava,ball,timeout,pg_loss,v_loss,entropy,sps,sub_navigate_n,sub_navigate_success,sub_hazard_n,sub_hazard_success,sub_key_door_n,sub_key_door_success
2048,1,1,0,0,0,0,0,-0.0006,0.00021,1.9459,1569,0,0,5,0,0,0
4096,2,1,0,0,0,0,0,-0.0003,1e-05,1.9453,1977,0,0,0,0,0,0
6144,3,1,0,0,0,0,0,-0.00118,2e-05,1.9401,1874,6,0,5,0,5,0
8192,4,1,0,0,0,0,0,-0.00244,5e-05,1.9255,1842,1,0,4,0,0,0
10240,5,1,0,0,0,0,0,-0.00096,9e-05,1.9208,1747,0,0,3,0,0,0
12288,6,1,0,0,0,0,0,-0.00298,0.00013,1.8954,2020,5,0,3,0,1,0
14336,7,1,0,0,0,0,0,-0.00216,0.00015,1.9138,2094,0,0,3,0,6,0
16384,8,1,0,0,0,0,0,-0.00012,8e-05,1.9334,2061,3,0,2,0,5,0
18432,9,1,0,0,0,0,0,-0.00042,0.00119,1.9342,2005,2,1,2,0,2,0
20480,10,1,0,0,0,0,0,-0.00084,7e-05,1.9359,1956,1,0,2,0,1,0
22528,11,1,0,0,0,0,0,-0.00103,9e-05,1.9382,1866,1,0,6,0,4,0
24576,12,1,0,0,0,0,0,-9e-05,3e-05,1.9376,2011,3,0,1,0,1,0
26624,13,1,0,0,0,0,0,-0.0002,0.00013,1.942,1994,4,1,3,0,2,0
28672,14,1,0,0,0,0,0,-0.00055,0.00018,1.9442,1816,4,0,0,0,3,0
30720,15,1,0,0,0,0,0,-0.00034,0.00032,1.9453,1821,2,0,3,0,2,0
32768,16,1,0,0,0,0,0,-0.00107,0.00132,1.9415,1725,2,0,2,0,4,1
34816,17,1,0,0,0,0,0,-0.00018,0.00017,1.9314,1843,2,0,0,0,3,0
36864,18,1,0,0,0,0,0,-0.00247,0.0002,1.9169,1954,3,0,0,0,5,0
38912,19,1,0,0,0,0,0,-0.00085,2e-05,1.9181,2090,3,0,3,0,2,0
40960,20,1,0,0,0,0,0,-0.00153,9e-05,1.922,1854,1,0,1,0,4,0
43008,21,1,0,0,0,0,0,-0.00138,1e-05,1.9363,2123,4,0,2,0,3,0
45056,22,1,0,0,0,0,0,0.00012,0.00022,1.9439,1916,5,0,2,0,0,0
47104,23,1,0,0,0,0,0,-0.00057,9e-05,1.9444,1942,4,0,0,0,2,0
49152,24,1,0,0,0,0,0,-4e-05,8e-05,1.9451,1848,5,1,4,0,1,0
51200,25,1,0,0,0,0,0,-0.00013,0.00014,1.945,1947,0,0,6,0,2,0
53248,26,1,0,0,0,0,0,-7e-05,0.00024,1.9446,1847,2,0,1,0,1,0
55296,27,1,0,0,0,0,0,-2e-05,8e-05,1.945,1935,3,0,3,0,4,0
57344,28,1,0,0,0,0,0,0.0,0.00018,1.9452,1940,1,0,2,0,3,0
59392,29,1,0,0,0,0,0,-0.0001,9e-05,1.945,2002,3,0,4,0,1,0
61440,30,1,0,0,0,0,0,-5e-05,0.00016,1.9446,1892,2,0,3,0,4,0
63488,31,1,0,0,0,0,0,-0.00055,0.00021,1.9436,2093,2,0,4,0,0,0
65536,32,1,0,0,0,0,0,-7e-05,2e-05,1.94,1739,3,0,3,0,3,0
67584,33,1,0,0,0,0,0,-0.00051,0.0,1.9356,1937,2,0,3,0,1,0
69632,34,1,0,0,0,0,0,-0.00156,0.00018,1.9209,1822,5,0,4,0,1,0
71680,35,1,0,0,0,0,0,-0.00365,2e-05,1.8701,2039,2,0,0,0,2,0
73728,36,1,0,0,0,0,0,-7e-05,0.00043,1.8704,2060,5,1,2,0,3,0
75776,37,1,0,0,0,0,0,-0.00087,0.00181,1.9018,1998,4,0,1,0,2,1
77824,38,1,0,0,0,0,0,-0.0015,0.00011,1.9048,1978,1,0,4,0,3,0
79872,39,1,0,0,0,0,0,-0.00096,0.0001,1.9281,1905,4,0,4,0,3,0
81920,40,1,0,0,0,0,0,-0.0018,0.00095,1.8955,2096,0,0,5,1,1,0
83968,41,1,0,0,0,0,0,-0.00171,0.00096,1.9157,2084,4,0,5,0,3,1
86016,42,1,0,0,0,0,0,-0.0003,0.00031,1.932,2108,2,0,2,0,2,0
88064,43,1,0,0,0,0,0,-0.00084,0.00012,1.9318,2019,2,0,2,0,2,0
90112,44,1,0,0,0,0,0,-0.00199,0.0001,1.9108,2143,1,0,0,0,6,0
92160,45,1,0,0,0,0,0,-0.00262,8e-05,1.889,2025,5,0,2,0,0,0
94208,46,1,0,0,0,0,0,-0.00089,0.00203,1.8473,2004,5,1,1,0,4,1
96256,47,1,0,0,0,0,0,-0.00116,7e-05,1.8021,1990,2,0,5,0,2,0
98304,48,1,0,0,0,0,0,-0.00162,0.00017,1.8401,1991,1,0,4,0,3,0
100352,49,1,0,0,0,0,0,-0.00121,0.0001,1.803,2043,2,0,0,0,3,0
102400,50,1,0,0,0,0,0,-0.00198,0.00029,1.7472,2157,2,0,2,0,3,0
104448,51,1,0,0,0,0,0,-0.00718,9e-05,1.6639,1972,2,0,6,0,2,0
106496,52,1,0,0,0,0,0,-0.00043,0.00032,1.5798,1912,2,0,1,1,1,0
108544,53,1,0,0,0,0,0,-0.00057,0.00044,1.6663,2088,5,1,1,0,3,0
110592,54,1,0,0,0,0,0,-0.00133,0.0001,1.7556,2044,2,0,1,0,4,0
112640,55,1,0,0,0,0,0,-0.0011,0.00112,1.7709,1946,4,1,2,0,4,1
114688,56,1,0,0,0,0,0,-0.00174,0.00023,1.7565,2143,2,1,3,0,0,0
116736,57,1,0,0,0,0,0,-0.00132,0.00026,1.7928,2159,2,0,3,0,3,0
118784,58,1,0,0,0,0,0,-0.00046,0.00305,1.8176,1977,2,0,1,0,8,3
120832,59,1,0,0,0,0,0,-0.00126,0.00051,1.8557,1979,1,0,2,0,1,0
122880,60,1,0,0,0,0,0,-0.00096,0.00016,1.8724,2174,3,0,4,0,5,0
124928,61,1,0,0,0,0,0,-1e-05,0.00123,1.9208,1963,0,0,3,1,4,0
126976,62,1,0,0,0,0,0,-0.00058,0.00034,1.9205,1711,3,0,0,0,3,1
129024,63,1,0,0,0,0,0,-0.00347,0.00027,1.8913,1788,6,0,1,0,1,0
131072,64,1,0,0,0,0,0,0.00012,0.00023,1.8474,1796,1,0,3,0,3,0
133120,65,1,0,0,0,0,0,-0.0016,0.0002,1.8331,1860,3,0,0,0,5,0
135168,66,1,0,0,0,0,0,-0.00116,1e-05,1.7877,1605,3,0,1,0,1,0
137216,67,1,0,0,0,0,0,-0.00119,0.00013,1.7608,1841,5,0,3,0,1,0
139264,68,1,0,0,0,0,0,-0.00535,0.00153,1.6034,2093,4,0,6,1,2,0
141312,69,1,0,0,0,0,0,-0.00091,0.00042,1.5734,2101,1,0,2,0,3,0
143360,70,1,0,0,0,0,0,-0.0005,0.00185,1.5228,2179,1,0,3,0,8,3
145408,71,1,0,0,0,0,0,-0.00106,0.00197,1.494,1968,0,0,3,0,6,3
147456,72,1,0,0,0,0,0,-0.00092,0.00058,1.5292,2100,1,1,1,0,4,1
149504,73,1,0,0,0,0,0,-0.00174,0.00045,1.5429,2144,1,0,3,0,5,1
151552,74,1,0,0,0,0,0,-0.00109,0.00133,1.4831,2030,3,1,6,0,3,2
153600,75,1,0,0,0,0,0,-0.0011,0.0004,1.4567,1976,2,0,2,0,3,1
155648,76,1,0,0,0,0,0,-0.00072,0.00013,1.4561,1856,1,0,0,0,2,0
157696,77,1,0,0,0,0,0,-0.00219,0.00025,1.5425,2058,4,0,4,0,6,0
159744,78,1,0,0,0,0,0,-0.00275,0.00032,1.4458,2066,1,0,4,0,2,1
161792,79,1,0,0,0,0,0,-0.00131,0.00017,1.4854,1973,5,0,2,0,0,0
163840,80,1,0,0,0,0,0,-0.00301,0.0002,1.271,2101,5,0,3,0,3,0
165888,81,1,0,0,0,0,0,-2e-05,0.00029,1.3986,1864,3,0,1,0,1,1
167936,82,1,0,0,0,0,0,-0.00199,0.00087,1.4835,1908,3,0,3,1,3,1
169984,83,1,0,0,0,0,0,-0.00264,0.00016,1.5527,1828,1,0,1,0,4,0
172032,84,1,0,0,0,0,0,-0.00258,0.00019,1.6952,1722,5,0,2,0,3,0
174080,85,1,0,0,0,0,0,-0.00132,2e-05,1.7007,1948,3,0,6,0,2,0
176128,86,1,0,0,0,0,0,-0.00153,0.00227,1.6441,1837,3,0,1,0,3,2
178176,87,1,0,0,0,0,0,-0.00175,0.0002,1.5419,1908,1,0,2,0,4,0
180224,88,1,0,0,0,0,0,-0.00139,0.00016,1.546,1756,1,0,4,0,4,0
182272,89,1,0,0,0,0,0,-0.0006,2e-05,1.5028,1727,2,0,3,0,1,0
184320,90,1,0,0,0,0,0,-0.0023,1e-05,1.5249,1940,2,0,8,0,2,0
186368,91,1,0,0,0,0,0,-0.00114,0.00016,1.5557,1728,3,0,2,0,1,0
188416,92,1,0,0,0,0,0,0.00024,0.00144,1.5885,1878,2,0,1,0,3,2
190464,93,1,0,0,0,0,0,-0.00433,0.00026,1.5353,1959,3,0,3,0,4,0
192512,94,1,0,0,0,0,0,-0.00146,0.00049,1.5613,1928,3,0,4,1,0,0
194560,95,1,0,0,0,0,0,-0.00093,0.00025,1.5595,1912,1,0,5,0,4,0
196608,96,1,0,0,0,0,0,-0.00217,0.00032,1.6637,2076,1,0,0,0,3,0
198656,97,1,0,0,0,0,0,-0.00204,0.00014,1.7112,2134,1,0,1,0,4,0
200704,98,1,0,0,0,0,0,-0.00129,3e-05,1.7208,2014,5,0,0,0,5,0
202752,99,1,0,0,0,0,0,-0.00015,0.00023,1.7375,1963,2,0,3,0,1,0
204800,100,1,0,0,0,0,0,-0.00193,0.00023,1.7812,1880,4,0,3,0,2,0
206848,101,1,0,0,0,0,0,-0.00111,3e-05,1.7983,1854,2,0,4,0,3,0
208896,102,1,0,0,0,0,0,-0.00018,0.00027,1.7601,2010,1,0,3,0,3,0
210944,103,1,0,0,0,0,0,-0.00149,0.00214,1.726,1920,7,2,2,0,2,0
212992,104,1,0,0,0,0,0,-0.0029,0.00048,1.6262,2010,0,0,1,0,5,1
215040,105,1,0,0,0,0,0,-0.00185,9e-05,1.6195,1860,1,0,3,0,1,0
217088,106,1,0,0,0,0,0,-0.00014,9e-05,1.6337,2020,3,0,2,0,4,0
219136,107,1,0,0,0,0,0,-0.00151,1e-05,1.6892,2014,4,0,3,0,1,0
221184,108,1,0,0,0,0,0,-0.00122,0.00035,1.7297,2133,6,0,2,0,0,0
223232,109,1,0,0,0,0,0,-0.00043,4e-05,1.7692,2038,2,0,1,0,3,0
225280,110,1,0,0,0,0,0,-0.00022,0.00024,1.8046,1788,2,0,4,0,2,0
227328,111,1,0,0,0,0,0,5e-05,0.00013,1.8005,1781,3,0,4,0,2,0
229376,112,1,0,0,0,0,0,-0.00048,0.00031,1.8124,1950,1,0,3,0,2,1
231424,113,1,0,0,0,0,0,-0.00027,0.00126,1.826,2008,5,0,2,0,6,3
233472,114,1,0,0,0,0,0,0.0,0.00033,1.8035,1989,3,0,2,0,0,0
235520,115,1,0,0,0,0,0,-9e-05,0.00074,1.8169,1777,2,1,4,0,2,0
237568,116,1,0,0,0,0,0,-0.00019,0.00132,1.8359,1955,1,1,6,0,8,2
239616,117,1,0,0,0,0,0,-0.00115,0.00054,1.8045,1735,0,0,1,0,2,2
241664,118,1,0,0,0,0,0,-0.00172,0.0001,1.7385,1849,6,0,1,0,2,0
243712,119,1,0,0,0,0,0,-0.0011,0.0001,1.7141,1842,1,0,3,0,5,0
245760,120,1,0,0,0,0,0,-0.00037,0.00033,1.7335,1846,1,0,6,1,0,0
247808,121,1,0,0,0,0,0,-0.0013,0.00063,1.7349,1783,4,0,8,0,4,1
249856,122,1,0,0,0,0,0,-0.00171,0.00017,1.7634,1972,0,0,8,0,1,0
251904,123,1,0,0,0,0,0,-0.00081,5e-05,1.8333,2039,0,0,2,0,4,0
253952,124,1,0,0,0,0,0,-9e-05,0.00029,1.8511,1964,5,0,2,0,2,1
256000,125,1,0,0,0,0,0,-0.00064,0.0001,1.8504,1786,1,0,4,0,1,0
258048,126,1,0,0,0,0,0,-0.00149,0.00033,1.8515,1956,3,0,4,0,4,2
260096,127,1,0,0,0,0,0,-0.00204,0.00038,1.7592,1869,3,0,0,0,1,0
262144,128,1,0,0,0,0,0,-0.00024,0.0005,1.7642,1658,0,0,5,0,6,2
264192,129,1,0,0,0,0,0,-0.00147,0.00015,1.8118,1939,4,0,2,0,2,0
266240,130,1,0,0,0,0,0,-0.00068,0.0001,1.8619,1887,4,0,2,0,2,0
268288,131,1,0,0,0,0,0,0.0001,0.0001,1.8822,1857,4,0,5,0,2,0
270336,132,1,0,0,0,0,0,-0.00014,0.00098,1.8657,2024,2,0,1,0,1,1
272384,133,1,0,0,0,0,0,-0.00315,0.00111,1.8845,1976,4,1,1,0,5,1
274432,134,1,0,0,0,0,0,0.00018,0.0003,1.9113,1761,0,0,5,0,3,0
276480,135,1,0,0,0,0,0,-0.00011,2e-05,1.9107,2024,2,0,3,0,1,0
278528,136,1,0,0,0,0,0,-0.00015,0.00029,1.9119,1928,2,0,1,0,7,0
280576,137,1,0,0,0,0,0,-4e-05,0.00016,1.9157,1833,1,0,1,0,0,0
282624,138,1,0,0,0,0,0,-0.00035,8e-05,1.9166,1826,5,0,2,0,4,0
284672,139,1,0,0,0,0,0,-0.0001,0.00025,1.9083,1707,2,0,5,0,4,0
286720,140,1,0,0,0,0,0,-0.00095,0.00024,1.899,1891,1,0,1,0,1,0
288768,141,1,0,0,0,0,0,-0.00181,0.00058,1.8628,2010,3,0,2,0,6,1
290816,142,1,0,0,0,0,0,-0.0,0.00119,1.8287,2002,2,0,2,0,1,1
292864,143,1,0,0,0,0,0,2e-05,0.00012,1.8372,2011,2,0,0,0,4,0
294912,144,1,0,0,0,0,0,-0.00149,0.00016,1.8535,1906,4,0,6,0,2,0
296960,145,1,0,0,0,0,0,-0.00038,0.00051,1.8789,2151,0,0,3,1,3,0
299008,146,1,0,0,0,0,0,-0.00209,0.00066,1.8192,2164,4,1,3,0,2,0
301056,147,1,0,0,0,0,0,1e-05,0.00025,1.8344,1847,3,1,6,0,3,0
303104,148,1,0,0,0,0,0,-0.00193,0.00027,1.8224,1778,2,0,3,0,2,1
305152,149,1,0,0,0,0,0,-0.00145,1e-05,1.7485,1807,3,0,4,0,2,0
307200,150,1,0,0,0,0,0,-5e-05,0.0003,1.7494,2071,1,0,4,0,2,0
309248,151,1,0,0,0,0,0,-0.00087,0.00047,1.713,2058,2,0,2,0,5,1
311296,152,1,0,0,0,0,0,-0.00457,0.0001,1.715,1845,5,0,1,0,0,0
313344,153,1,0,0,0,0,0,-0.00039,9e-05,1.7279,1941,0,0,4,0,4,0
315392,154,1,0,0,0,0,0,-0.00016,0.00215,1.7148,2067,3,0,1,0,4,2
317440,155,1,0,0,0,0,0,-0.00262,0.00246,1.6938,2006,4,0,4,1,1,1
319488,156,1,0,0,0,0,0,-0.00052,0.00021,1.5643,1985,4,0,1,0,1,0
321536,157,1,0,0,0,0,0,-0.00152,0.00035,1.5818,1888,1,0,2,0,3,0
323584,158,1,0,0,0,0,0,-0.00135,5e-05,1.5955,1885,4,0,1,0,2,0
325632,159,1,0,0,0,0,0,-0.00176,0.00034,1.5819,1859,2,0,4,0,6,0
327680,160,1,0,0,0,0,0,-0.00101,0.00014,1.5939,2060,1,0,0,0,2,0
329728,161,1,0,0,0,0,0,-0.00119,0.00161,1.6663,1931,4,0,2,0,3,2
331776,162,1,0,0,0,0,0,-0.00067,0.00011,1.7146,2186,3,0,4,0,2,0
333824,163,1,0,0,0,0,0,-0.00071,0.0002,1.7296,2074,2,0,4,0,3,0
335872,164,1,0,0,0,0,0,-0.00042,0.00072,1.7589,2130,5,1,1,0,3,1
337920,165,1,0,0,0,0,0,-0.0021,0.00034,1.7396,1912,1,0,2,0,4,1
339968,166,1,0,0,0,0,0,-0.00059,0.00033,1.6811,1694,2,0,2,0,2,1
342016,167,1,0,0,0,0,0,-0.0017,0.00067,1.692,1978,1,0,3,0,4,1
344064,168,1,0,0,0,0,0,-0.00047,0.00032,1.7226,1918,1,0,3,0,4,0
346112,169,1,0,0,0,0,0,-0.00027,0.00171,1.7386,1933,4,0,4,1,4,1
348160,170,1,0,0,0,0,0,-0.00113,0.00017,1.7062,1902,3,0,3,0,1,0
350208,171,1,0,0,0,0,0,-0.00125,0.00011,1.6933,1846,1,0,4,0,2,0
352256,172,1,0,0,0,0,0,-0.00148,0.00018,1.7265,1963,5,0,2,0,2,0
354304,173,1,0,0,0,0,0,-0.00029,0.00032,1.7389,1970,3,1,2,0,2,0
356352,174,1,0,0,0,0,0,-0.00144,4e-05,1.7166,2064,4,0,3,0,4,0
358400,175,1,0,0,0,0,0,-0.00207,0.00032,1.754,2005,1,0,2,0,2,0
360448,176,1,0,0,0,0,0,-0.00363,0.0007,1.7191,1946,3,0,1,0,3,2
362496,177,1,0,0,0,0,0,-0.00049,0.00029,1.7321,2025,3,1,6,0,3,0
364544,178,1,0,0,0,0,0,-9e-05,0.00129,1.7316,1836,4,1,2,0,3,1
366592,179,1,0,0,0,0,0,-0.00102,0.00019,1.7493,1827,4,0,3,0,2,0
368640,180,1,0,0,0,0,0,-0.00022,0.00037,1.7618,1871,0,0,5,0,5,0
370688,181,1,0,0,0,0,0,-0.00072,0.0001,1.7669,1827,2,0,2,0,2,0
372736,182,1,0,0,0,0,0,8e-05,0.00169,1.7992,1872,1,0,3,0,5,1
374784,183,1,0,0,0,0,0,-0.00227,0.00025,1.7417,1932,3,0,3,0,2,0
376832,184,1,0,0,0,0,0,-0.00047,0.00015,1.7017,1853,4,0,1,0,1,0
378880,185,1,0,0,0,0,0,-0.00043,0.00179,1.7617,1610,3,1,3,0,6,0
380928,186,1,0,0,0,0,0,-0.00119,0.00041,1.7839,1744,0,0,2,0,4,1
382976,187,1,0,0,0,0,0,-0.00023,0.00024,1.7907,2166,6,0,1,0,2,1
385024,188,1,0,0,0,0,0,-0.00106,0.00176,1.7889,2131,2,0,3,0,4,3
387072,189,1,0,0,0,0,0,-0.001,0.00012,1.8581,1971,2,0,2,0,2,0
389120,190,1,0,0,0,0,0,-0.00062,9e-05,1.8561,2015,3,0,1,0,2,0
391168,191,1,0,0,0,0,0,-0.00059,0.00057,1.8337,1989,6,0,0,0,1,1
393216,192,1,0,0,0,0,0,-0.00018,0.00085,1.8398,1815,3,1,5,0,2,0
395264,193,1,0,0,0,0,0,-0.00029,0.00017,1.8611,1966,4,0,1,0,3,0
397312,194,1,0,0,0,0,0,-0.00124,8e-05,1.8638,1806,2,0,3,0,0,0
399360,195,1,0,0,0,0,0,-0.00012,0.00137,1.8312,1771,5,1,5,0,2,0
401408,196,1,0,0,0,0,0,-0.00217,0.00158,1.8349,1770,3,0,3,0,2,1
403456,197,1,0,0,0,0,0,-0.00048,0.00019,1.8383,1548,1,0,2,0,2,0
405504,198,1,0,0,0,0,0,-0.00044,0.0015,1.8513,1732,2,0,5,0,5,2
407552,199,1,0,0,0,0,0,-0.0009,0.00024,1.8605,1843,1,0,0,0,3,0
409600,200,1,0,0,0,0,0,-0.0005,0.0019,1.8446,1741,1,1,6,0,5,0
411648,201,1,0,0,0,0,0,-9e-05,4e-05,1.8452,1630,2,0,2,0,4,0
413696,202,1,0,0,0,0,0,-0.00026,0.00021,1.8604,1706,2,1,0,0,2,0
415744,203,1,0,0,0,0,0,-0.00065,0.00025,1.8788,1805,3,0,6,0,5,0
417792,204,1,0,0,0,0,0,-0.00087,0.0006,1.8931,1931,2,0,2,0,1,1
419840,205,1,0,0,0,0,0,-0.00051,0.00015,1.9012,1949,4,0,1,1,2,0
421888,206,1,0,0,0,0,0,-0.00256,0.00026,1.8777,1916,3,1,4,0,3,0
423936,207,1,0,0,0,0,0,-0.00135,9e-05,1.83,1540,1,0,1,0,1,0
425984,208,1,0,0,0,0,0,-0.00035,0.00076,1.8134,1834,4,1,3,0,3,1
428032,209,1,0,0,0,0,0,-0.00057,0.00131,1.8322,1913,2,0,2,0,3,1
430080,210,1,0,0,0,0,0,-0.00021,0.00075,1.8649,1927,2,0,5,1,2,0
432128,211,1,0,0,0,0,0,-0.0002,4e-05,1.8651,2062,3,0,5,0,1,0
434176,212,1,0,0,0,0,0,-0.00247,0.00078,1.8296,2004,3,1,5,0,1,0
436224,213,1,0,0,0,0,0,-0.00029,9e-05,1.8395,1878,3,0,5,0,1,0
438272,214,1,0,0,0,0,0,-0.00039,9e-05,1.8569,1510,3,0,2,0,1,0
440320,215,1,0,0,0,0,0,-0.00114,0.00021,1.881,1683,3,0,3,0,3,0
442368,216,1,0,0,0,0,0,-0.00131,0.00016,1.8588,1743,5,0,3,0,1,0
444416,217,1,0,0,0,0,0,-0.00168,0.00175,1.8492,1806,4,0,1,0,3,2
446464,218,1,0,0,0,0,0,-0.00104,0.00112,1.8505,1964,1,0,4,0,5,2
448512,219,1,0,0,0,0,0,-0.00046,0.00074,1.8232,2123,5,2,1,0,1,0
450560,220,1,0,0,0,0,0,-0.00367,0.00035,1.7934,2048,0,0,3,0,4,0
452608,221,1,0,0,0,0,0,-0.00143,0.00039,1.7919,1674,1,0,4,0,5,1
454656,222,1,0,0,0,0,0,-0.00227,0.0003,1.7402,2057,2,0,2,0,0,0
456704,223,1,0,0,0,0,0,-0.00108,0.00013,1.7518,1524,2,0,2,0,3,0
458752,224,1,0,0,0,0,0,-0.0013,5e-05,1.8044,1690,3,0,1,0,4,0
460800,225,1,0,0,0,0,0,-0.00078,0.0007,1.8398,2031,3,1,1,0,3,0
462848,226,1,0,0,0,0,0,-0.00105,0.0001,1.8354,2172,6,0,1,0,1,0
464896,227,1,0,0,0,0,0,-0.00058,0.00025,1.8434,1830,3,0,0,0,2,0
466944,228,1,0,0,0,0,0,-4e-05,0.00117,1.848,1569,2,0,1,0,5,1
468992,229,1,0,0,0,0,0,-0.00206,0.00033,1.8263,2155,2,0,2,0,3,1
471040,230,1,0,0,0,0,0,0.00016,8e-05,1.8065,1822,3,0,1,0,4,0
473088,231,1,0,0,0,0,0,-0.00174,0.00178,1.8403,1834,3,0,7,0,4,1
475136,232,1,0,0,0,0,0,0.0001,0.00014,1.8645,1836,3,0,3,0,2,1
477184,233,1,0,0,0,0,0,-0.00033,0.00018,1.8534,1907,3,0,1,0,1,0
479232,234,1,0,0,0,0,0,-0.00047,0.00031,1.8551,2000,5,0,2,0,2,0
481280,235,1,0,0,0,0,0,-0.00081,0.0005,1.848,1910,1,0,5,0,5,1
483328,236,1,0,0,0,0,0,-0.00064,0.00059,1.8305,2022,3,0,1,0,5,2
485376,237,1,0,0,0,0,0,-0.00201,0.00123,1.7806,1990,3,0,1,0,1,1
487424,238,1,0,0,0,0,0,-0.00276,0.00164,1.7231,2104,2,0,3,1,4,0
489472,239,1,0,0,0,0,0,-0.0018,0.00113,1.7012,1966,2,1,4,1,2,0
491520,240,1,0,0,0,0,0,-0.002,0.00053,1.631,1853,1,0,7,0,5,1
493568,241,1,0,0,0,0,0,-0.00047,0.0013,1.6566,1794,3,1,2,0,1,1
495616,242,1,0,0,0,0,0,-0.00041,8e-05,1.6506,2002,4,0,4,0,2,0
497664,243,1,0,0,0,0,0,-0.00076,0.00304,1.6333,2026,2,1,3,0,2,2
499712,244,1,0,0,0,0,0,-0.00231,0.0002,1.6828,2050,4,1,2,0,1,0
501760,245,1,0,0,0,0,0,-0.00248,0.00021,1.6805,2088,3,0,3,1,2,1
503808,246,1,0,0,0,0,0,-0.00135,2e-05,1.7498,2021,2,0,4,0,0,0
505856,247,1,0,0,0,0,0,-0.00407,0.00019,1.7107,2109,3,0,4,0,2,0
507904,248,1,0,0,0,0,0,-0.00132,0.00212,1.7103,2023,5,2,3,0,1,1
509952,249,1,0,0,0,0,0,-0.00028,0.00022,1.7353,2076,2,0,2,0,5,0
512000,250,1,0,0,0,0,0,-0.0,0.00152,1.779,1864,2,1,3,0,1,0
514048,251,1,0,0,0,0,0,-0.00145,0.00026,1.7553,2019,3,0,2,0,3,0
516096,252,1,0,0,0,0,0,-0.00015,0.00033,1.7303,1986,3,1,2,0,3,0
518144,253,1,0,0,0,0,0,-0.00135,4e-05,1.7655,1948,4,0,3,0,2,0
520192,254,1,0,0,0,0,0,-0.00055,9e-05,1.7562,2010,3,0,3,0,2,0
522240,255,1,0,0,0,0,0,-0.00014,0.00188,1.7373,2127,3,2,4,0,3,1
524288,256,1,0,0,0,0,0,-0.00137,0.00078,1.7527,1992,2,0,4,0,5,1
526336,257,1,0,0,0,0,0,-0.00025,0.00016,1.7869,2059,2,0,2,0,2,0
528384,258,1,0,0,0,0,0,-0.00082,0.0013,1.7997,1662,2,0,6,0,4,1
530432,259,1,0,0,0,0,0,0.00012,0.00186,1.8111,1891,1,0,0,0,3,1
532480,260,1,0,0,0,0,0,-0.00064,0.00063,1.8131,1946,5,1,6,0,2,0
534528,261,1,0,0,0,0,0,-0.00051,0.00079,1.8113,1930,3,0,3,0,3,1
536576,262,1,0,0,0,0,0,-0.00074,0.00033,1.8198,2007,2,0,1,0,1,0
538624,263,1,0,0,0,0,0,-0.00081,0.00014,1.8186,2026,2,0,1,0,4,0
540672,264,1,0,0,0,0,0,-5e-05,0.00013,1.8433,1856,3,0,3,0,3,1
542720,265,1,0,0,0,0,0,-0.00119,0.00063,1.8371,1931,2,0,0,0,5,2
544768,266,1,0,0,0,0,0,-0.00117,0.00034,1.798,1875,3,0,2,0,3,0
546816,267,1,0,0,0,0,0,-0.00057,0.00016,1.7727,1964,2,0,5,0,2,0
548864,268,1,0,0,0,0,0,-0.0027,0.00017,1.8106,1785,0,0,1,0,3,0
550912,269,1,0,0,0,0,0,-0.00153,0.00086,1.8212,1868,4,1,0,0,3,0
552960,270,1,0,0,0,0,0,-0.00094,0.0001,1.793,1772,4,0,2,0,4,0
555008,271,1,0,0,0,0,0,-0.00119,2e-05,1.7989,1965,4,0,3,0,1,0
557056,272,1,0,0,0,0,0,-0.0025,0.00117,1.8437,1533,5,1,2,1,1,0
559104,273,1,0,0,0,0,0,-0.00167,0.00021,1.7818,2103,4,0,2,0,0,0
561152,274,1,0,0,0,0,0,9e-05,0.00177,1.743,1962,5,0,1,0,1,1
563200,275,1,0,0,0,0,0,-0.00147,0.00022,1.7205,1724,2,0,2,0,6,0
565248,276,1,0,0,0,0,0,-0.00206,0.00182,1.6438,1873,5,1,0,0,2,1
567296,277,1,0,0,0,0,0,-0.00358,0.00032,1.7295,1739,1,0,4,0,6,0
569344,278,1,0,0,0,0,0,-0.00183,0.00014,1.7667,1692,1,0,3,0,2,0
571392,279,1,0,0,0,0,0,-0.00042,0.00016,1.773,1757,4,0,2,0,1,0
573440,280,1,0,0,0,0,0,-0.00229,0.00195,1.7202,1914,5,1,2,0,2,1
575488,281,1,0,0,0,0,0,-0.00218,0.00086,1.7284,1617,1,0,1,0,4,2
577536,282,1,0,0,0,0,0,-0.00153,0.00011,1.7247,1925,5,0,3,0,2,0
579584,283,1,0,0,0,0,0,-0.00177,0.0001,1.7261,1941,2,0,1,0,3,0
581632,284,1,0,0,0,0,0,-0.00165,0.00016,1.7155,1965,3,0,5,0,1,0
583680,285,1,0,0,0,0,0,-0.00299,0.00107,1.749,1917,3,0,3,0,3,1
585728,286,1,0,0,0,0,0,-0.0019,0.00015,1.7511,1994,2,0,3,0,2,0
587776,287,1,0,0,0,0,0,-0.00374,0.00033,1.7412,1561,2,0,5,0,3,1
589824,288,1,0,0,0,0,0,-0.00114,0.00171,1.7543,1791,4,1,3,0,3,2
591872,289,1,0,0,0,0,0,-0.00166,0.00038,1.7534,1954,1,0,2,0,4,1
593920,290,1,0,0,0,0,0,-0.00335,0.00019,1.7737,1984,1,0,4,0,2,0
595968,291,1,0,0,0,0,0,-0.00176,0.00019,1.6938,2050,5,0,3,0,3,0
598016,292,1,0,0,0,0,0,-0.00303,0.00103,1.7068,1884,2,0,1,0,2,1
600064,293,1,0,0,0,0,0,-0.00137,0.00186,1.7136,1705,1,1,2,0,8,1
602112,294,1,0,0,0,0,0,-0.00433,0.0008,1.6557,1938,3,1,3,0,2,1
604160,295,1,0,0,0,0,0,-0.00167,0.00013,1.7051,1868,2,0,5,0,3,0
606208,296,1,0,0,0,0,0,-0.00359,0.00013,1.7182,1809,3,0,0,0,5,1
608256,297,1,0,0,0,0,0,-0.00244,0.00063,1.7266,1917,2,0,3,0,2,1
610304,298,1,0,0,0,0,0,-0.00198,0.00025,1.7404,2112,5,0,3,0,0,0
612352,299,1,0,0,0,0,0,-0.00381,4e-05,1.6046,1811,3,0,4,0,1,0
614400,300,1,0,0,0,0,0,-0.00137,0.00029,1.6166,2007,4,0,4,0,3,1
616448,301,1,0,0,0,0,0,-0.00281,0.00025,1.6733,2038,3,1,4,1,1,0
618496,302,1,0,0,0,0,0,-0.00368,0.00069,1.6134,2036,2,1,0,0,3,0
620544,303,1,0,0,0,0,0,-0.00022,0.00014,1.6058,1866,3,0,4,0,3,0
622592,304,1,0,0,0,0,0,-0.00011,0.00129,1.523,1922,4,0,0,0,3,1
624640,305,1,0,0,0,0,0,-0.00233,5e-05,1.5443,1749,1,0,2,0,4,0
626688,306,1,0,0,0,0,0,-0.00106,0.00037,1.4945,1827,3,0,5,0,4,0
628736,307,1,0,0,0,0,0,-0.00288,0.00078,1.4819,1883,2,0,5,0,1,1
630784,308,1,0,0,0,0,0,-0.00054,0.00018,1.5612,2068,2,0,1,0,3,0
632832,309,1,0,0,0,0,0,-0.00176,0.0002,1.5642,2112,3,0,1,0,4,0
634880,310,1,0,0,0,0,0,-0.00102,0.00076,1.405,2149,5,1,0,0,1,1
636928,311,1,0,0,0,0,0,-0.00093,0.00013,1.4001,1980,2,1,2,0,3,0
638976,312,1,0,0,0,0,0,-0.00113,0.00071,1.3328,2045,3,1,4,0,4,1
641024,313,1,0,0,0,0,0,-0.00225,0.0008,1.3353,1926,1,0,1,0,2,1
643072,314,1,0,0,0,0,0,-0.0027,0.00214,1.4587,1816,2,0,3,0,10,3
645120,315,1,0,0,0,0,0,-0.00209,0.0015,1.4536,1889,1,0,8,1,1,1
647168,316,1,0,0,0,0,0,-0.0011,0.00045,1.445,1805,2,0,1,1,1,0
649216,317,1,0,0,0,0,0,-0.00147,0.00129,1.3784,1864,5,0,2,0,5,1
651264,318,1,0,0,0,0,0,-0.00198,0.00116,1.3666,1915,1,0,0,0,5,2
653312,319,1,0,0,0,0,0,-0.00101,0.0018,1.4554,1732,4,1,5,1,2,0
655360,320,1,0,0,0,0,0,-0.00202,0.00019,1.4166,1938,1,0,3,0,3,0
657408,321,1,0,0,0,0,0,-0.00112,0.00084,1.4401,1874,2,0,1,0,2,1
659456,322,1,0,0,0,0,0,-0.0028,0.00027,1.4941,1908,4,0,6,0,3,0
661504,323,1,0,0,0,0,0,-0.00346,0.00026,1.5304,1512,1,1,2,0,4,1
663552,324,1,0,0,0,0,0,-0.00232,0.00114,1.4239,1911,6,1,1,0,1,0
665600,325,1,0,0,0,0,0,-0.00018,0.0003,1.4347,1847,2,0,3,0,2,0
667648,326,1,0,0,0,0,0,-0.00154,0.00046,1.4354,2063,1,0,6,0,5,2
669696,327,1,0,0,0,0,0,-0.00208,0.00145,1.4997,1670,3,1,4,1,2,1
671744,328,1,0,0,0,0,0,-0.00084,0.00125,1.5448,1755,2,0,2,0,4,2
673792,329,1,0,0,0,0,0,-0.00156,0.00057,1.5069,1549,6,1,0,0,2,0
675840,330,1,0,0,0,0,0,-0.00084,0.00037,1.4986,1896,2,0,0,0,2,0
677888,331,1,0,0,0,0,0,-0.00097,0.00221,1.6009,2085,1,1,1,0,8,2
679936,332,1,0,0,0,0,0,-0.00282,0.00013,1.6136,2027,2,0,1,0,2,0
681984,333,1,0,0,0,0,0,-0.00351,0.00051,1.6117,1882,6,1,2,0,3,0
684032,334,1,0,0,0,0,0,-0.00594,0.00019,1.5422,1748,1,0,6,0,1,0
686080,335,1,0,0,0,0,0,-0.0023,0.00088,1.593,1874,3,0,2,1,1,1
688128,336,1,0,0,0,0,0,-0.00178,8e-05,1.4867,1803,3,0,1,0,4,0
690176,337,1,0,0,0,0,0,-0.00144,0.00139,1.5355,1919,3,1,1,0,3,1
692224,338,1,0,0,0,0,0,-0.0036,0.00047,1.5048,1887,4,0,2,0,3,2
694272,339,1,0,0,0,0,0,-0.002,0.00027,1.5394,1947,1,0,0,0,3,0
696320,340,1,0,0,0,0,0,-0.00405,0.00041,1.5943,1956,1,0,1,0,5,0
698368,341,1,0,0,0,0,0,-0.00287,0.00038,1.5401,1752,4,0,4,0,2,0
700416,342,1,0,0,0,0,0,-0.00327,0.00033,1.5349,2141,1,0,4,0,3,0
702464,343,1,0,0,0,0,0,-0.00174,0.00067,1.531,2073,1,0,1,0,6,1
704512,344,1,0,0,0,0,0,-0.00207,8e-05,1.6574,1764,3,0,1,0,3,0
706560,345,1,0,0,0,0,0,-0.00059,0.00023,1.6123,1648,2,0,3,0,3,0
708608,346,1,0,0,0,0,0,-0.00268,0.00072,1.464,1714,5,1,2,0,1,1
710656,347,1,0,0,0,0,0,-0.00101,0.00021,1.5184,1797,0,0,3,0,5,1
712704,348,1,0,0,0,0,0,-0.00366,9e-05,1.637,1834,2,0,2,0,6,0
714752,349,1,0,0,0,0,0,-0.00461,0.00093,1.6152,1730,1,0,3,1,2,1
716800,350,1,0,0,0,0,0,-0.00179,0.00022,1.6993,1506,7,0,4,0,1,0
718848,351,1,0,0,0,0,0,-0.00165,0.0017,1.6206,1819,4,0,5,0,3,2
720896,352,1,0,0,0,0,0,-0.00222,0.00015,1.5769,2007,1,0,2,0,0,0
722944,353,1,0,0,0,0,0,-0.00226,0.00097,1.5612,1879,5,0,4,0,5,1
724992,354,1,0,0,0,0,0,-0.00123,0.00071,1.5858,1446,4,0,2,0,1,1
727040,355,1,0,0,0,0,0,-0.00145,8e-05,1.5906,1900,1,0,3,0,3,0
729088,356,1,0,0,0,0,0,-0.00336,0.00093,1.6162,1986,5,0,1,0,3,1
731136,357,1,0,0,0,0,0,-0.00336,0.00212,1.6152,1910,2,0,1,0,4,2
733184,358,1,0,0,0,0,0,-0.00574,0.00015,1.7111,1606,3,0,1,0,2,0
735232,359,1,0,0,0,0,0,-0.00089,0.00012,1.7321,1849,5,0,4,0,1,0
737280,360,1,0,0,0,0,0,-0.003,0.00029,1.6613,1926,3,0,2,0,2,0
739328,361,1,0,0,0,0,0,-0.00113,0.00034,1.6719,2032,5,0,0,0,4,2
741376,362,1,0,0,0,0,0,-0.00227,0.0033,1.6037,1868,5,2,1,0,3,2
743424,363,1,0,0,0,0,0,-0.00222,0.00103,1.567,1635,5,0,2,0,2,2
745472,364,1,0,0,0,0,0,-0.00548,0.00051,1.5608,1534,3,0,1,0,3,1
747520,365,1,0,0,0,0,0,-0.00523,0.0003,1.5535,2075,2,0,3,0,3,0
749568,366,1,0,0,0,0,0,-0.00427,0.00137,1.5511,2090,5,1,3,1,2,0
751616,367,1,0,0,0,0,0,-0.00621,0.00017,1.592,2028,1,0,1,0,3,0
753664,368,1,0,0,0,0,0,-0.00504,0.0002,1.6486,1864,6,0,1,0,1,0
755712,369,1,0,0,0,0,0,-0.00195,0.00187,1.5597,1803,4,0,5,0,2,1
757760,370,1,0,0,0,0,0,-0.00247,0.00106,1.6169,1804,2,0,4,0,4,2
759808,371,1,0,0,0,0,0,-0.00309,0.00027,1.5579,2072,3,0,2,0,2,0
761856,372,1,0,0,0,0,0,-0.00504,0.00012,1.451,1973,2,0,4,0,3,0
763904,373,1,0,0,0,0,0,-0.00311,0.00021,1.4906,1839,2,0,8,0,3,0
765952,374,1,0,0,0,0,0,-0.00154,0.00047,1.5217,1857,3,0,1,0,3,2
768000,375,1,0,0,0,0,0,-0.00356,0.0002,1.6042,1740,2,0,3,0,4,2
770048,376,1,0,0,0,0,0,-0.00109,0.00022,1.5701,1629,3,0,5,0,3,0
772096,377,1,0,0,0,0,0,-0.00164,0.00018,1.5536,1584,1,0,2,0,1,0
774144,378,1,0,0,0,0,0,-0.0055,0.00012,1.5796,1556,3,0,1,0,3,0
776192,379,1,0,0,0,0,0,-0.00237,0.0015,1.5637,1895,5,1,5,0,3,1
778240,380,1,0,0,0,0,0,-0.00225,0.0001,1.582,1943,3,0,2,0,0,0
780288,381,1,0,0,0,0,0,-0.00384,0.00012,1.6597,1672,3,0,2,0,3,0
782336,382,1,0,0,0,0,0,-0.00172,0.00013,1.6511,1585,5,1,1,0,3,0
784384,383,1,0,0,0,0,0,-0.00168,0.00123,1.6515,2091,4,0,0,0,2,2
786432,384,1,0,0,0,0,0,-0.00543,0.0002,1.621,1659,3,0,3,0,3,0
788480,385,1,0,0,0,0,0,-0.00426,0.00022,1.6802,1771,2,0,3,0,1,0
790528,386,1,0,0,0,0,0,-0.00143,0.00074,1.6799,1505,4,0,3,0,5,1
792576,387,1,0,0,0,0,0,-0.00234,0.00034,1.7494,2161,2,0,1,0,2,1
794624,388,1,0,0,0,0,0,-0.00407,9e-05,1.764,2096,3,0,0,0,2,0
796672,389,1,0,0,0,0,0,-0.00423,0.00016,1.7139,1560,4,0,6,0,5,0
798720,390,1,0,0,0,0,0,-0.00169,0.00016,1.6629,2066,0,0,3,0,1,0
800768,391,1,0,0,0,0,0,-0.00343,0.00026,1.6563,2093,3,0,6,0,3,0
802816,392,1,0,0,0,0,0,-0.0021,0.00029,1.6531,1796,2,0,3,0,3,0
804864,393,1,0,0,0,0,0,-0.00123,0.00025,1.6089,1960,0,0,0,0,3,0
806912,394,1,0,0,0,0,0,-0.00439,0.00044,1.5615,1634,1,0,7,0,6,0
808960,395,1,0,0,0,0,0,-0.00418,0.00017,1.5674,1737,0,0,1,0,3,0
811008,396,1,0,0,0,0,0,-0.00205,0.00196,1.6292,1996,3,1,6,0,3,1
813056,397,1,0,0,0,0,0,-0.00222,0.0012,1.6634,2046,1,0,4,0,5,1
815104,398,1,0,0,0,0,0,-0.00403,0.00129,1.6272,2012,2,1,5,1,2,0
817152,399,1,0,0,0,0,0,-0.00362,0.0007,1.6108,1713,3,0,6,0,4,2
819200,400,1,0,0,0,0,0,-0.0028,0.00013,1.6281,1779,1,0,4,0,1,0
821248,401,1,0,0,0,0,0,-0.00276,0.00025,1.6336,1933,2,0,4,0,3,0
823296,402,1,0,0,0,0,0,-0.0036,9e-05,1.6293,1766,3,0,0,0,4,0
825344,403,1,0,0,0,0,0,-0.00093,0.0014,1.652,1786,2,0,3,1,1,0
827392,404,1,0,0,0,0,0,-0.003,9e-05,1.6562,1711,4,0,3,0,4,0
829440,405,1,0,0,0,0,0,-0.00472,0.00038,1.6771,1974,2,0,3,0,1,1
831488,406,1,0,0,0,0,0,-0.00302,0.00017,1.6499,1509,5,1,3,0,0,0
833536,407,1,0,0,0,0,0,-0.00471,0.00042,1.5993,1514,3,0,3,1,2,0
835584,408,1,0,0,0,0,0,-0.00195,0.0002,1.6339,1766,0,0,3,0,3,0
837632,409,1,0,0,0,0,0,-0.00258,0.00036,1.627,1974,0,0,6,0,2,1
839680,410,1,0,0,0,0,0,-0.00322,0.00059,1.6135,1698,4,0,2,0,3,1
841728,411,1,0,0,0,0,0,-0.00401,0.00019,1.6039,1593,2,0,3,0,2,1
843776,412,1,0,0,0,0,0,-0.00333,0.00036,1.6096,1702,1,0,2,0,4,0
845824,413,1,0,0,0,0,0,-0.00331,6e-05,1.6067,1471,2,0,3,0,3,0
847872,414,1,0,0,0,0,0,-0.0032,0.00057,1.6392,1622,2,0,1,0,3,0
849920,415,1,0,0,0,0,0,-0.00468,0.00054,1.6797,2048,1,0,3,0,5,1
851968,416,1,0,0,0,0,0,-0.0018,0.00122,1.6512,1946,2,0,4,1,6,2
854016,417,1,0,0,0,0,0,-0.00103,0.0012,1.6554,2111,3,0,2,0,2,1
856064,418,1,0,0,0,0,0,-0.00201,0.00043,1.7346,1796,3,1,2,0,5,1
858112,419,1,0,0,0,0,0,-0.00286,0.00012,1.758,1779,2,0,3,0,2,0
860160,420,1,0,0,0,0,0,-0.00185,0.00048,1.7996,1829,4,0,2,0,1,1
862208,421,1,0,0,0,0,0,-0.00431,0.00028,1.7052,1967,5,0,4,0,1,0
864256,422,1,0,0,0,0,0,-0.0046,0.00059,1.6598,1861,0,0,3,1,2,0
866304,423,1,0,0,0,0,0,-0.00436,0.00033,1.6092,1841,2,1,5,0,5,1
868352,424,1,0,0,0,0,0,-0.00083,0.00018,1.6473,1772,3,0,3,0,2,0
870400,425,1,0,0,0,0,0,-0.00273,0.00055,1.6424,1906,3,1,1,0,2,0
872448,426,1,0,0,0,0,0,-0.00076,0.00051,1.5934,1797,3,1,2,0,4,0
874496,427,1,0,0,0,0,0,-0.00399,0.0003,1.6262,1697,2,0,1,0,2,0
876544,428,1,0,0,0,0,0,-0.00151,0.00057,1.6274,1894,3,1,3,0,4,1
878592,429,1,0,0,0,0,0,-0.00222,0.00108,1.614,1840,2,0,1,0,6,3
880640,430,1,0,0,0,0,0,-0.00153,0.00033,1.6643,1966,1,0,1,0,2,1
882688,431,1,0,0,0,0,0,-0.00284,0.00056,1.5961,1865,6,1,1,0,3,0
884736,432,1,0,0,0,0,0,-0.00165,0.00011,1.5842,1817,3,0,2,0,0,0
886784,433,1,0,0,0,0,0,-0.00186,0.0001,1.6432,1910,0,0,1,0,5,0
888832,434,1,0,0,0,0,0,-0.00188,0.00145,1.656,1914,4,1,2,0,5,1
890880,435,1,0,0,0,0,0,-0.00183,0.00026,1.6068,2026,2,0,3,0,1,1
892928,436,1,0,0,0,0,0,-0.0014,0.00115,1.5719,1851,6,2,1,0,2,1
894976,437,1,0,0,0,0,0,-0.00092,0.00113,1.6125,1726,2,0,9,0,4,2
897024,438,1,0,0,0,0,0,-0.00256,0.00283,1.6085,1569,3,1,3,0,3,2
899072,439,1,0,0,0,0,0,-0.00342,0.00102,1.5819,1611,6,0,2,0,2,1
901120,440,1,0,0,0,0,0,-0.00322,0.00049,1.5892,2035,1,0,0,0,3,2
903168,441,1,0,0,0,0,0,-0.0017,0.00064,1.5704,1828,5,1,2,0,2,1
905216,442,1,0,0,0,0,0,-0.00406,0.00074,1.5626,1901,3,0,5,0,2,1
907264,443,1,0,0,0,0,0,-0.00296,0.00013,1.6175,1875,2,0,3,0,1,0
909312,444,1,0,0,0,0,0,-0.00167,0.00068,1.6147,1789,4,1,3,0,3,0
911360,445,1,0,0,0,0,0,-0.00308,0.00029,1.5663,1928,2,0,2,0,1,0
913408,446,1,0,0,0,0,0,-0.0024,0.00021,1.4993,1610,5,0,3,0,4,0
915456,447,1,0,0,0,0,0,-0.00602,0.0003,1.5214,1834,2,0,0,0,2,0
917504,448,1,0,0,0,0,0,-0.00315,0.00096,1.5365,1864,1,0,4,1,3,1
919552,449,1,0,0,0,0,0,-0.00382,0.00047,1.543,1506,5,0,6,0,4,2
921600,450,1,0,0,0,0,0,-0.00349,0.00257,1.4747,1552,2,1,3,0,2,2
923648,451,1,0,0,0,0,0,-0.00255,0.0016,1.396,1747,5,0,2,0,3,1
925696,452,1,0,0,0,0,0,-0.00338,0.00052,1.4083,1557,2,0,1,0,2,0
927744,453,1,0,0,0,0,0,-0.00384,0.00079,1.4595,1745,2,0,1,0,5,1
929792,454,1,0,0,0,0,0,-0.00242,0.00052,1.436,1733,3,1,3,0,5,0
931840,455,1,0,0,0,0,0,-0.00161,0.00075,1.419,1456,2,1,3,1,2,0
933888,456,1,0,0,0,0,0,-0.00213,0.00033,1.3967,1535,2,0,7,0,3,1
935936,457,1,0,0,0,0,0,-0.0028,0.00025,1.4767,1647,0,0,3,0,1,0
937984,458,1,0,0,0,0,0,-0.00563,0.00023,1.367,1693,4,1,2,0,3,0
940032,459,1,0,0,0,0,0,-0.00172,0.00088,1.4126,1864,4,0,4,0,6,2
942080,460,1,0,0,0,0,0,-0.00499,0.00027,1.4426,1845,0,0,3,0,2,0
944128,461,1,0,0,0,0,0,-0.00331,0.00033,1.4336,1991,5,1,3,0,2,0
946176,462,1,0,0,0,0,0,-0.00569,0.00137,1.4402,1431,4,0,3,0,4,2
948224,463,1,0,0,0,0,0,-0.00103,0.00137,1.4841,1743,2,1,1,0,0,0
950272,464,1,0,0,0,0,0,-0.00231,0.0013,1.492,1817,7,1,5,0,2,1
952320,465,1,0,0,0,0,0,-0.00205,0.00115,1.5078,1692,0,0,2,0,2,1
954368,466,1,0,0,0,0,0,-0.00268,0.00021,1.4468,1884,3,0,4,0,2,1
956416,467,1,0,0,0,0,0,-0.00352,0.0016,1.3137,1953,5,0,1,1,2,0
958464,468,1,0,0,0,0,0,-0.00188,0.00093,1.3657,2089,3,1,2,0,2,1
960512,469,1,0,0,0,0,0,-0.00665,0.00036,1.453,1782,2,1,6,0,5,0
962560,470,1,0,0,0,0,0,-0.0026,0.00321,1.3577,2016,1,0,4,0,2,2
964608,471,1,0,0,0,0,0,-0.00221,0.00088,1.3785,1978,5,1,0,0,3,1
966656,472,1,0,0,0,0,0,-0.00234,0.00201,1.3151,2056,5,2,1,0,3,2
968704,473,1,0,0,0,0,0,-0.00308,0.00042,1.2424,1945,3,0,3,0,2,1
970752,474,1,0,0,0,0,0,-0.00192,0.00062,1.2135,2013,6,2,5,0,2,0
972800,475,1,0,0,0,0,0,-0.00215,0.00061,1.3061,1946,3,1,3,0,1,0
974848,476,1,0,0,0,0,0,-0.00434,0.00249,1.3271,1789,3,1,1,0,5,2
976896,477,1,0,0,0,0,0,-0.00214,0.00033,1.2974,1977,6,1,5,0,1,0
978944,478,1,0,0,0,0,0,-0.00177,0.00279,1.2189,1655,2,1,0,0,4,3
980992,479,1,0,0,0,0,0,-0.00377,0.00077,1.2601,1680,5,1,3,0,2,0
983040,480,1,0,0,0,0,0,-0.00418,0.00049,1.1799,2049,2,1,2,0,3,0
985088,481,1,0,0,0,0,0,-0.00407,0.00182,1.2016,1891,2,0,4,0,4,2
987136,482,1,0,0,0,0,0,-0.00314,0.001,1.2591,1755,5,0,2,0,2,1
989184,483,1,0,0,0,0,0,-0.00223,0.00058,1.2981,1828,0,0,1,0,3,1
991232,484,1,0,0,0,0,0,-0.00129,0.00124,1.2112,1732,4,0,6,1,4,0
993280,485,1,0,0,0,0,0,-0.00095,0.00164,1.1261,1888,4,2,1,0,1,0
995328,486,1,0,0,0,0,0,-0.00466,0.00021,1.1117,1967,2,0,1,0,3,1
997376,487,1,0,0,0,0,0,-0.00147,0.00378,1.11,1851,6,1,5,0,5,2
999424,488,1,0,0,0,0,0,-0.00294,0.00236,1.1434,1781,5,3,3,0,1,1
1001472,489,1,0,0,0,0,0,-0.00453,0.00251,1.1884,1985,2,2,3,2,4,1
1003520,490,1,0,0,0,0,0,-0.00383,0.00265,1.2558,1801,3,1,6,0,5,4
1005568,491,1,0,0,0,0,0,-0.0038,0.00129,1.1571,1651,5,4,3,0,1,0
1007616,492,1,0,0,0,0,0,-0.00468,0.00341,1.1798,2105,3,0,3,0,4,4
1009664,493,1,0,0,0,0,0,-0.00397,0.00231,1.1831,2087,2,1,4,0,5,2
1011712,494,1,0,0,0,0,0,-0.00339,0.00195,1.2077,2040,5,2,5,0,3,1
1013760,495,1,0,0,0,0,0,-0.00617,0.00087,1.1737,1655,0,0,4,0,3,2
1015808,496,1,0,0,0,0,0,-0.0049,0.0003,1.1412,1830,3,0,4,0,1,0
1017856,497,1,0,0,0,0,0,-0.0044,0.00185,1.1293,1595,3,1,5,0,4,2
1019904,498,1,0,0,0,0,0,-0.00298,0.0006,1.1851,1679,1,0,5,0,2,0
1021952,499,1,0,0,0,0,0,-0.00344,0.00145,1.2748,2040,4,2,4,0,3,0
1024000,500,1,0,0,0,0,0,-0.00638,0.00296,1.2604,1926,4,2,5,0,5,2
1026048,501,1,0,0,0,0,0,-0.00545,0.00154,1.2777,1987,3,2,4,0,1,0
1028096,502,1,0,0,0,0,0,-0.003,0.00223,1.2492,1803,1,1,4,1,5,2
1030144,503,1,0,0,0,0,0,-0.00615,0.00123,1.2455,1561,3,1,5,0,4,0
1032192,504,1,0,0,0,0,0,-0.00557,0.00206,1.2004,1898,3,1,2,0,2,1
1034240,505,1,0,0,0,0,0,-0.0053,0.00194,1.1491,1845,5,3,5,0,1,0
1036288,506,1,0,0,0,0,0,-0.00522,0.00306,1.1631,2066,2,0,3,1,6,2
1038336,507,1,0,0,0,0,0,-0.0045,0.00076,1.1907,1760,1,0,2,0,4,2
1040384,508,1,0,0,0,0,0,-0.00594,0.00325,1.1659,1734,2,1,5,1,7,1
1042432,509,1,0,0,0,0,0,-0.00357,0.00209,1.1322,1844,2,1,5,0,3,2
1044480,510,1,0,0,0,0,0,-0.0039,0.00143,1.1957,1831,6,3,0,0,2,1
1046528,511,1,0,0,0,0,0,-0.00421,0.00224,0.997,1880,6,1,6,0,2,1
1048576,512,1,0,0,0,0,0,-0.00569,0.00091,0.9477,1820,1,1,3,1,1,0
1050624,513,1,0,0,0,0,0,-0.00366,0.00352,1.0177,2016,3,1,4,1,5,3
1052672,514,1,0,0,0,0,0,-0.00586,0.00146,1.1533,1598,3,1,1,0,5,3
1054720,515,1,0,0,0,0,0,-0.00563,0.00141,1.2272,1690,2,2,4,0,4,3
1056768,516,1,0,0,0,0,0,-0.00431,0.00132,1.2257,2007,4,2,6,0,2,1
1058816,517,1,0,0,0,0,0,-0.00197,0.00264,1.2314,1960,2,1,2,0,4,1
1060864,518,1,0,0,0,0,0,-0.00297,0.00091,1.234,1702,2,0,3,0,3,1
1062912,519,1,0,0,0,0,0,-0.00535,0.00054,1.2525,1396,3,0,6,0,3,0
1064960,520,1,0,0,0,0,0,-0.00637,0.003,1.2206,1933,1,1,1,1,4,2
1067008,521,1,0,0,0,0,0,-0.00361,0.00394,1.2202,1865,2,1,2,1,8,5
1069056,522,1,0,0,0,0,0,-0.00442,0.00047,1.2135,1763,1,0,3,0,4,1
1071104,523,1,0,0,0,0,0,-0.00351,0.00248,1.167,1775,3,1,2,0,4,2
1073152,524,1,0,0,0,0,0,-0.00463,0.00119,1.1722,1954,5,2,0,0,6,3
1075200,525,1,0,0,0,0,0,-0.0033,0.00203,1.21,1909,0,0,5,2,0,0
1077248,526,1,0,0,0,0,0,-0.00434,0.00357,1.2036,1851,5,5,6,0,2,1
1079296,527,1,0,0,0,0,0,-0.00469,0.00397,1.1362,1744,5,3,5,0,4,3
1081344,528,1,0,0,0,0,0,-0.00581,0.00108,1.134,1760,2,1,0,0,3,1
1083392,529,1,0,0,0,0,0,-0.00316,0.00125,1.1216,1910,4,1,2,0,5,3
1085440,530,1,0,0,0,0,0,-0.00296,0.00277,1.1067,2098,7,3,0,0,2,2
1087488,531,1,0,0,0,0,0,-0.00405,0.00243,1.1234,1874,9,7,5,0,1,0
1089536,532,1,0,0,0,0,0,-0.0033,0.00219,1.0985,1975,2,1,1,0,3,3
1091584,533,1,0,0,0,0,0,-0.00388,0.00182,1.1831,1622,4,0,3,0,3,2
1093632,534,1,0,0,0,0,0,-0.00319,0.00194,1.1929,1871,4,2,4,0,3,1
1095680,535,1,0,0,0,0,0,-0.00484,0.00116,1.179,1960,1,1,1,0,3,1
1097728,536,1,0,0,0,0,0,-0.00519,0.00171,1.1957,2157,7,2,3,0,6,3
1099776,537,1,0,0,0,0,0,-0.00351,0.00189,1.2195,1790,4,2,4,0,2,2
1101824,538,1,0,0,0,0,0,-0.00304,0.002,1.2371,1816,4,3,1,0,1,1
1103872,539,1,0,0,0,0,0,-0.00328,0.00235,1.184,1614,3,2,4,0,7,3
1105920,540,1,0,0,0,0,0,-0.00559,0.00089,1.1878,1948,1,1,1,0,4,3
1107968,541,1,0,0,0,0,0,-0.00372,0.00039,1.1529,1782,2,0,0,0,4,1
1110016,542,1,0,0,0,0,0,-0.00429,0.0041,1.1907,1955,3,1,3,1,5,3
1112064,543,1,0,0,0,0,0,-0.00338,0.00535,1.1566,1999,2,1,11,3,4,3
1114112,544,1,0,0,0,0,0,-0.00529,0.004,1.1456,1779,4,4,1,0,5,4
1116160,545,1,0,0,0,0,0,-0.00475,0.00247,1.1438,1764,2,1,3,0,5,2
1118208,546,1,0,0,0,0,0,-0.00431,0.00392,1.1977,1864,1,0,5,1,5,4
1120256,547,1,0,0,0,0,0,-0.00347,0.00226,1.1898,1953,4,2,2,0,4,3
1122304,548,1,0,0,0,0,0,-0.00471,0.00179,1.1766,1811,3,2,5,0,2,1
1124352,549,1,0,0,0,0,0,-0.00521,0.0008,1.1776,1660,2,1,2,0,3,1
1126400,550,1,0,0,0,0,0,-0.00554,0.00127,1.2115,1940,3,2,5,0,3,1
1128448,551,1,0,0,0,0,0,-0.00435,0.0059,1.1293,2024,7,4,6,1,3,3
1130496,552,1,0,0,0,0,0,-0.00528,0.00159,1.1016,2110,2,1,1,0,1,1
1132544,553,1,0,0,0,0,0,-0.00516,0.00462,1.0465,2084,6,4,5,0,6,4
1134592,554,1,0,0,0,0,0,-0.00368,0.002,1.0357,1692,3,2,6,0,4,1
1136640,555,1,0,0,0,0,0,-0.00468,0.00179,1.0189,2089,3,2,1,0,3,2
1138688,556,1,0,0,0,0,0,-0.00589,0.00277,1.0349,1906,5,2,3,0,7,3
1140736,557,1,0,0,0,0,0,-0.0045,0.00156,1.058,1860,1,0,3,0,3,2
1142784,558,1,0,0,0,0,0,-0.00349,0.00173,1.0301,1904,4,3,2,0,3,1
1144832,559,1,0,0,0,0,0,-0.00367,0.00471,1.0269,1952,6,4,3,0,5,3
1146880,560,1,0,0,0,0,0,-0.00611,0.00478,1.0716,1900,4,2,6,1,3,2
1148928,561,1,0,0,0,0,0,-0.00458,0.00282,1.1112,1979,3,2,5,0,4,3
1150976,562,1,0,0,0,0,0,-0.00444,0.00487,1.0534,1871,4,4,5,1,3,2
1153024,563,1,0,0,0,0,0,-0.00647,0.00238,1.0335,2030,4,2,0,0,3,1
1155072,564,1,0,0,0,0,0,-0.00438,0.00245,1.0379,2097,4,1,1,0,5,2
1157120,565,1,0,0,0,0,0,-0.00368,0.00444,0.9748,2121,6,4,4,0,4,3
1159168,566,1,0,0,0,0,0,-0.00605,0.0022,1.0601,2011,2,1,5,1,2,1
1161216,567,1,0,0,0,0,0,-0.00262,0.00345,1.0358,2022,6,3,3,1,4,1
1163264,568,1,0,0,0,0,0,-0.00443,0.00251,0.9971,2112,4,2,5,0,3,3
1165312,569,1,0,0,0,0,0,-0.00428,0.00287,1.063,2087,4,3,7,0,3,2
1167360,570,1,0,0,0,0,0,-0.00536,0.00171,1.0411,2138,2,0,1,0,5,3
1169408,571,1,0,0,0,0,0,-0.0061,0.0056,1.1411,2031,5,4,2,0,6,5
1171456,572,1,0,0,0,0,0,-0.00386,0.00343,1.1298,2046,3,1,6,1,5,5
1173504,573,1,0,0,0,0,0,-0.00445,0.00227,1.1206,1731,3,3,3,0,2,2
1175552,574,1,0,0,0,0,0,-0.0061,0.00601,1.1242,1826,8,5,2,1,5,4
1177600,575,1,0,0,0,0,0,-0.00596,0.00498,1.1069,1982,3,2,3,0,8,6
1179648,576,1,0,0,0,0,0,-0.00755,0.00271,1.1232,1696,1,1,7,0,8,6
1181696,577,1,0,0,0,0,0,-0.00376,0.00548,1.1508,1951,5,5,2,1,2,2
1183744,578,1,0,0,0,0,0,-0.00514,0.00181,1.1199,1980,1,1,5,1,2,2
1185792,579,1,0,0,0,0,0,-0.00467,0.00284,1.1398,1945,6,4,9,0,6,2
1187840,580,1,0,0,0,0,0,-0.00377,0.00255,1.1579,1995,1,0,7,1,2,2
1189888,581,1,0,0,0,0,0,-0.00579,0.00283,1.1231,2152,4,3,5,1,5,3
1191936,582,1,0,0,0,0,0,-0.00467,0.00602,1.053,1852,6,5,2,0,7,5
1193984,583,1,0,0,0,0,0,-0.00549,0.00178,1.0654,1963,1,1,3,0,5,4
1196032,584,1,0,0,0,0,0,-0.00631,0.00296,1.0746,2085,2,1,5,0,8,6
1198080,585,1,0,0,0,0,0,-0.00442,0.00434,1.0684,2132,1,1,6,0,7,6
1200128,586,1,0,0,0,0,0,-0.00578,0.00376,1.0748,2098,3,1,2,0,6,6
1202176,587,1,0,0,0,0,0,-0.00443,0.00415,1.0106,2022,7,4,5,0,3,3
1204224,588,1,0,0,0,0,0,-0.00685,0.00653,0.9837,2047,6,4,5,0,6,6
1206272,589,1,0,0,0,0,0,-0.00533,0.00372,0.9767,2063,2,1,5,0,6,5
1208320,590,1,0,0,0,0,0,-0.00503,0.00141,0.9713,2110,2,0,2,0,2,1
1210368,591,1,0,0,0,0,0,-0.00567,0.00417,0.9988,1948,8,6,5,1,2,2
1212416,592,1,0,0,0,0,0,-0.00286,0.00256,0.9702,1998,3,1,3,0,2,1
1214464,593,1,0,0,0,0,0,-0.0063,0.00178,0.9908,2118,4,1,4,1,4,4
1216512,594,1,0,0,0,0,0,-0.00286,0.0059,0.9829,2010,6,5,2,0,7,4
1218560,595,1,0,0,0,0,0,-0.00299,0.00434,0.9761,1943,4,3,5,0,6,6
1220608,596,1,0,0,0,0,0,-0.01031,0.00326,0.9633,1896,3,1,7,0,5,4
1222656,597,1,0,0,0,0,0,-0.0037,0.00609,0.9201,1904,6,5,5,1,6,6
1224704,598,1,0,0,0,0,0,0.00106,0.00542,0.8931,2117,5,5,8,0,5,3
1226752,599,1,0,0,0,0,0,-0.00472,0.00766,0.8583,2050,5,4,4,1,7,6
1228800,600,1,0,0,0,0,0,-0.00545,0.0044,0.8527,1788,5,3,2,1,6,5
1230848,601,1,0,0,0,0,0,-0.00342,0.00525,0.9298,2037,5,2,3,1,6,6
1232896,602,1,0,0,0,0,0,-0.00499,0.00437,0.9516,1818,7,5,3,0,2,2
1234944,603,1,0,0,0,0,0,-0.00431,0.00658,0.8718,1957,3,2,7,1,9,5
1236992,604,1,0,0,0,0,0,-0.00392,0.0068,0.8623,1854,6,4,6,1,3,3
1239040,605,1,0,0,0,0,0,-0.00553,0.0093,0.8356,2115,8,7,2,1,10,10
1241088,606,1,0,0,0,0,0,-0.00392,0.0046,0.8275,2077,6,5,5,0,5,3
1243136,607,1,0,0,0,0,0,-0.00685,0.00333,0.8261,1999,2,2,7,1,3,3
1245184,608,1,0,0,0,0,0,-0.00057,0.00599,0.8092,2063,8,6,8,0,4,3
1247232,609,1,0,0,0,0,0,-0.00434,0.00276,0.7872,1897,3,3,4,0,6,4
1249280,610,1,0,0,0,0,0,-0.00352,0.00412,0.8103,2098,7,7,6,0,4,1
1251328,611,1,0,0,0,0,0,-0.00365,0.00451,0.8385,1837,0,0,6,1,7,7
1253376,612,1,0,0,0,0,0,-0.00216,0.00402,0.7723,1908,3,2,6,2,0,0
1255424,613,1,0,0,0,0,0,-0.00267,0.00503,0.7923,1862,1,1,7,2,7,4
1257472,614,1,0,0,0,0,0,-0.00472,0.00307,0.8323,1931,4,2,2,0,5,5
1259520,615,1,0,0,0,0,0,-0.00404,0.00435,0.8392,1787,6,3,5,1,2,1
1261568,616,1,0,0,0,0,0,-0.00189,0.00974,0.6756,1958,10,9,7,3,4,3
1263616,617,1,0,0,0,0,0,-0.00379,0.00464,0.6712,2057,5,4,2,0,5,4
1265664,618,1,0,0,0,0,0,-0.00397,0.00244,0.7383,2064,2,1,4,0,5,5
1267712,619,1,0,0,0,0,0,-0.00276,0.00728,0.7364,1972,7,6,7,0,10,7
1269760,620,1,0,0,0,0,0,-0.00577,0.005,0.7262,2044,4,4,5,1,5,5
1271808,621,1,0,0,0,0,0,-0.00332,0.0057,0.8109,2020,6,5,5,1,7,5
1273856,622,1,0,0,0,0,0,-0.00672,0.00272,0.7626,1933,6,5,5,0,3,3
1275904,623,1,0,0,0,0,0,-0.00524,0.00505,0.714,2149,5,4,3,1,8,7
1277952,624,1,0,0,0,0,0,-0.00478,0.00602,0.6998,1921,9,7,4,1,3,3
1280000,625,1,0,0,0,0,0,-0.00766,0.00288,0.6651,2043,5,4,5,0,3,3
1282048,626,1,0,0,0,0,0,-0.00389,0.00344,0.6705,1963,4,3,8,1,4,3
1284096,627,1,0,0,0,0,0,-0.00395,0.00422,0.6712,2012,5,3,6,1,4,4
1286144,628,1,0,0,0,0,0,-0.00434,0.00644,0.6763,2087,6,5,6,2,3,3
1288192,629,1,0,0,0,0,0,-0.00359,0.00338,0.6559,2047,6,4,8,0,3,2
1290240,630,1,0,0,0,0,0,-0.0047,0.00317,0.6739,1898,2,2,5,1,4,4
1292288,631,1,0,0,0,0,0,-0.00547,0.00825,0.7112,1526,9,7,5,0,9,8
1294336,632,1,0,0,0,0,0,-0.00436,0.00694,0.6885,1858,9,9,8,0,3,3
1296384,633,1,0,0,0,0,0,-0.00604,0.00508,0.7014,2136,6,4,7,0,4,3
1298432,634,1,0,0,0,0,0,-0.00508,0.00507,0.6254,2023,7,5,8,0,5,5
1300480,635,1,0,0,0,0,0,-0.00365,0.00482,0.7244,1951,5,3,3,0,9,9
1302528,636,1,0,0,0,0,0,-0.00566,0.0039,0.6841,1915,1,1,9,1,5,5
1304576,637,1,0,0,0,0,0,-0.00508,0.00684,0.6296,2028,4,3,17,2,8,8
1306624,638,1,0,0,0,0,0,-0.00682,0.00258,0.6323,1932,2,1,7,0,5,5
1308672,639,1,0,0,0,0,0,-0.00484,0.00243,0.5807,1878,6,2,3,0,3,3
1310720,640,1,0,0,0,0,0,-0.00386,0.00578,0.5897,1879,6,6,6,1,3,3
1312768,641,1,0,0,0,0,0,-0.00188,0.00492,0.6439,2060,10,6,4,0,4,3
1314816,642,1,0,0,0,0,0,-0.00425,0.00478,0.6305,1779,4,4,5,1,5,4
1316864,643,1,0,0,0,0,0,-0.00548,0.00543,0.5528,2014,6,4,6,0,6,5
1318912,644,1,0,0,0,0,0,-0.00376,0.00563,0.5055,1476,11,10,4,0,2,2
1320960,645,1,0,0,0,0,0,-0.00474,0.00343,0.447,1930,3,2,4,1,2,2
1323008,646,1,0,0,0,0,0,-0.00277,0.00554,0.4871,2024,5,3,3,0,9,6
1325056,647,1,0,0,0,0,0,-0.0052,0.00524,0.5049,1955,5,4,3,0,5,5
1327104,648,1,0,0,0,0,0,-0.00303,0.00505,0.5196,1934,5,4,6,0,7,4
1329152,649,1,0,0,0,0,0,-0.00433,0.00658,0.5802,1809,4,4,3,0,8,7
1331200,650,1,0,0,0,0,0,-0.00484,0.00899,0.5984,1910,10,7,3,0,9,6
1333248,651,1,0,0,0,0,0,-0.00337,0.00777,0.6366,1821,7,7,1,0,8,7
1335296,652,1,0,0,0,0,0,-0.00423,0.00668,0.5987,2027,3,3,5,1,8,8
1337344,653,1,0,0,0,0,0,-0.00652,0.00844,0.5622,1922,8,7,3,1,9,8
1339392,654,1,0,0,0,0,0,-0.00245,0.00944,0.5736,1999,9,9,6,2,5,5
1341440,655,1,0,0,0,0,0,-0.00498,0.00774,0.5156,2050,8,8,3,1,8,6
1343488,656,1,0,0,0,0,0,-0.00221,0.0049,0.5463,2103,5,4,6,0,7,7
1345536,657,1,0,0,0,0,0,-0.00402,0.00217,0.4738,2001,4,2,3,0,3,3
1347584,658,1,0,0,0,0,0,-0.0042,0.00683,0.5519,1708,6,3,10,1,7,6
1349632,659,1,0,0,0,0,0,-0.00522,0.00959,0.5798,1904,7,7,6,2,7,6
1351680,660,1,0,0,0,0,0,-0.00401,0.00393,0.5786,1615,4,4,3,1,3,1
1353728,661,1,0,0,0,0,0,-0.00409,0.00543,0.5507,2113,5,2,5,2,4,4
1355776,662,1,0,0,0,0,0,-0.00251,0.00325,0.5255,1987,5,3,5,0,2,2
1357824,663,1,0,0,0,0,0,-0.00146,0.00449,0.547,1705,5,3,7,1,2,2
1359872,664,1,0,0,0,0,0,-0.00316,0.00558,0.5512,1769,5,4,3,2,4,2
1361920,665,1,0,0,0,0,0,-0.00435,0.00645,0.6135,1799,7,4,10,0,7,7
1363968,666,1,0,0,0,0,0,-0.00297,0.00838,0.5524,1938,9,7,9,0,12,12
1366016,667,1,0,0,0,0,0,-0.00251,0.00664,0.6269,1756,5,3,4,1,11,10
1368064,668,1,0,0,0,0,0,-0.00457,0.00395,0.6006,2051,3,3,4,0,7,7
1370112,669,1,0,0,0,0,0,-0.00471,0.00998,0.5776,2021,10,7,6,1,9,9
1372160,670,1,0,0,0,0,0,-0.00028,0.00632,0.5528,2136,9,6,7,0,8,8
1374208,671,1,0,0,0,0,0,-0.00483,0.00475,0.6131,2100,7,5,3,0,3,3
1376256,672,1,0,0,0,0,0,-0.00388,0.00721,0.6039,1937,10,6,11,0,7,7
1378304,673,1,0,0,0,0,0,-0.00607,0.00935,0.5894,2021,10,8,9,1,6,5
1380352,674,1,0,0,0,0,0,-0.00394,0.00884,0.5192,2152,8,6,8,2,6,6
1382400,675,1,0,0,0,0,0,-0.00578,0.00779,0.5223,2005,7,5,5,2,4,3
1384448,676,1,0,0,0,0,0,-0.00485,0.00439,0.4605,2085,6,4,7,0,3,2
1386496,677,1,0,0,0,0,0,-0.0044,0.00302,0.5194,2026,4,2,11,0,6,5
1388544,678,1,0,0,0,0,0,-0.00229,0.00667,0.5249,1870,8,6,3,0,9,9
1390592,679,1,0,0,0,0,0,-0.0038,0.00502,0.5338,1918,5,3,6,1,8,7
1392640,680,1,0,0,0,0,0,-0.00534,0.00524,0.5354,1991,4,3,6,2,10,10
1394688,681,1,0,0,0,0,0,-0.00413,0.01049,0.5595,1949,14,13,8,1,10,9
1396736,682,1,0,0,0,0,0,-0.00357,0.00525,0.4983,2017,3,3,8,2,6,6
1398784,683,1,0,0,0,0,0,-0.00223,0.00421,0.4336,1969,7,5,1,0,3,2
1400832,684,1,0,0,0,0,0,-0.00323,0.00437,0.4362,2026,5,4,7,0,6,5
1402880,685,1,0,0,0,0,0,-0.00107,0.00586,0.4858,2039,6,4,5,0,7,7
1404928,686,1,0,0,0,0,0,-0.00271,0.00543,0.4907,1858,3,2,8,2,6,6
1406976,687,1,0,0,0,0,0,-0.00087,0.00585,0.4551,2018,8,6,9,1,5,5
1409024,688,1,0,0,0,0,0,-0.00093,0.00489,0.4573,1741,6,5,8,0,5,5
1411072,689,1,0,0,0,0,0,-0.00461,0.00649,0.4674,1657,7,5,11,1,11,11
1413120,690,1,0,0,0,0,0,-0.00412,0.00677,0.4764,1877,2,2,11,3,7,7
1415168,691,1,0,0,0,0,0,-0.00341,0.00622,0.4671,1734,9,8,6,0,8,8
1417216,692,1,0,0,0,0,0,-0.00233,0.00457,0.4327,1889,8,8,5,0,4,4
1419264,693,1,0,0,0,0,0,-0.00219,0.00633,0.4082,1939,10,8,3,0,8,8
1421312,694,1,0,0,0,0,0,-0.00199,0.00499,0.4694,2008,6,5,8,2,6,5
1423360,695,1,0,0,0,0,0,-0.00497,0.00707,0.5253,2125,7,7,12,3,9,9
1425408,696,1,0,0,0,0,0,-0.00455,0.00486,0.5089,2116,5,5,6,1,4,4
1427456,697,1,0,0,0,0,0,-0.00447,0.00634,0.4434,1875,10,8,8,1,1,1
1429504,698,1,0,0,0,0,0,-0.00411,0.00594,0.4589,1810,9,7,7,1,5,5
1431552,699,1,0,0,0,0,0,-0.00352,0.00582,0.4117,2131,7,5,9,1,7,7
1433600,700,1,0,0,0,0,0,-0.0067,0.00573,0.4282,2126,11,9,3,0,7,6
1435648,701,1,0,0,0,0,0,-0.00247,0.0052,0.4719,2103,8,8,4,1,4,4
1437696,702,1,0,0,0,0,0,-0.00286,0.00617,0.4842,2143,10,9,8,2,7,6
1439744,703,1,0,0,0,0,0,-0.0045,0.00405,0.4102,2059,2,1,8,1,6,5
1441792,704,1,0,0,0,0,0,-0.00419,0.00368,0.3863,2003,2,0,5,1,6,5
1443840,705,1,0,0,0,0,0,-0.00491,0.00531,0.4644,2068,7,4,5,1,5,5
1445888,706,1,0,0,0,0,0,-0.00159,0.00346,0.4139,1979,3,2,5,0,7,7
1447936,707,1,0,0,0,0,0,-0.00177,0.00611,0.3737,1992,8,7,6,1,1,0
1449984,708,1,0,0,0,0,0,-0.00265,0.00293,0.329,1938,6,1,3,0,2,2
1452032,709,1,0,0,0,0,0,-0.00214,0.00714,0.351,1904,9,6,5,0,11,11
1454080,710,1,0,0,0,0,0,-0.00357,0.00516,0.3117,2103,4,3,6,1,9,9
1456128,711,1,0,0,0,0,0,-0.00405,0.00616,0.314,2011,6,3,6,1,4,4
1458176,712,1,0,0,0,0,0,-0.00311,0.00348,0.324,1947,4,2,8,0,8,8
1460224,713,1,0,0,0,0,0,-0.00172,0.00843,0.3776,2050,9,7,7,0,10,9
1462272,714,1,0,0,0,0,0,-0.0043,0.00778,0.4458,2034,9,8,6,0,11,11
1464320,715,1,0,0,0,0,0,-0.00202,0.00951,0.3633,1718,8,7,6,2,10,10
1466368,716,1,0,0,0,0,0,-0.00644,0.00536,0.3694,1702,5,2,9,1,4,4
1468416,717,1,0,0,0,0,0,-0.00272,0.00564,0.3773,1865,3,3,6,1,7,7
1470464,718,1,0,0,0,0,0,-0.00443,0.01052,0.4208,1995,7,5,8,2,13,12
1472512,719,1,0,0,0,0,0,-0.00329,0.00642,0.4124,2113,5,3,7,1,10,10
1474560,720,1,0,0,0,0,0,-0.00211,0.00969,0.3684,2077,14,12,7,0,11,11
1476608,721,1,0,0,0,0,0,-0.00192,0.00728,0.4273,2084,9,8,12,0,4,4
1478656,722,1,0,0,0,0,0,-0.00593,0.00447,0.3533,1945,4,3,6,1,6,6
1480704,723,1,0,0,0,0,0,-0.00142,0.00769,0.3618,1820,14,13,7,0,8,8
1482752,724,1,0,0,0,0,0,-0.00299,0.00682,0.367,1822,12,9,8,0,8,8
1484800,725,1,0,0,0,0,0,-0.00286,0.00362,0.3041,1740,5,4,6,0,4,4
1486848,726,1,0,0,0,0,0,-0.0027,0.00742,0.3699,2108,10,5,10,2,3,3
1488896,727,1,0,0,0,0,0,-0.00193,0.00779,0.3813,1883,8,5,6,2,5,5
1490944,728,1,0,0,0,0,0,-0.00431,0.0037,0.4216,2019,5,2,2,1,5,5
1492992,729,1,0,0,0,0,0,-0.00248,0.00662,0.3696,1999,5,4,11,3,5,5
1495040,730,1,0,0,0,0,0,-0.00292,0.00759,0.4117,1833,11,8,5,1,8,8
1497088,731,1,0,0,0,0,0,-0.00414,0.00675,0.3596,1873,7,4,6,2,7,7
1499136,732,1,0,0,0,0,0,-0.00293,0.00632,0.3231,1871,11,8,6,0,9,9
1501184,733,1,0,0,0,0,0,-0.00393,0.00612,0.3917,2083,9,9,12,0,7,7
1503232,734,1,0,0,0,0,0,-0.00453,0.00636,0.3984,1939,10,9,9,2,9,9
1505280,735,1,0,0,0,0,0,-0.00225,0.00401,0.3586,1746,6,5,6,0,7,7
1507328,736,1,0,0,0,0,0,-0.00149,0.00412,0.3458,1705,6,5,3,0,5,5
1509376,737,1,0,0,0,0,0,-0.00372,0.00627,0.3026,1781,6,5,9,2,1,1
1511424,738,1,0,0,0,0,0,-0.00462,0.00457,0.287,1828,9,5,8,0,5,5
1513472,739,1,0,0,0,0,0,-0.00402,0.00612,0.3048,1829,8,8,18,1,10,10
1515520,740,1,0,0,0,0,0,-0.00189,0.00379,0.2847,1930,4,4,7,0,9,9
1517568,741,1,0,0,0,0,0,-0.00216,0.00345,0.2852,1926,5,4,3,0,7,7
1519616,742,1,0,0,0,0,0,-0.0012,0.004,0.3065,1688,6,3,5,0,5,4
1521664,743,1,0,0,0,0,0,-0.00082,0.00488,0.3379,1814,7,6,8,1,5,5
1523712,744,1,0,0,0,0,0,-0.00567,0.00365,0.3199,1734,7,5,4,0,9,9
1525760,745,1,0,0,0,0,0,-0.00076,0.00413,0.3154,1680,6,6,6,0,3,3
1527808,746,1,0,0,0,0,0,-0.00213,0.00509,0.3408,1966,7,5,9,1,6,6
1529856,747,1,0,0,0,0,0,-0.00354,0.00362,0.2895,1894,3,1,8,0,12,12
1531904,748,1,0,0,0,0,0,-0.00378,0.00436,0.3273,2017,12,11,6,0,6,6
1533952,749,1,0,0,0,0,0,-0.00567,0.00419,0.3482,1932,6,6,10,1,8,8
1536000,750,1,0,0,0,0,0,-0.00409,0.00501,0.322,1832,10,9,7,2,4,4
1538048,751,1,0,0,0,0,0,-0.00513,0.00311,0.3358,2001,7,7,5,0,3,3
1540096,752,1,0,0,0,0,0,-0.00257,0.0049,0.3348,1831,2,2,14,4,8,8
1542144,753,1,0,0,0,0,0,-0.00455,0.00737,0.3227,2041,9,8,11,3,6,6
1544192,754,1,0,0,0,0,0,-0.00348,0.00651,0.3129,2041,8,6,10,3,6,6
1546240,755,1,0,0,0,0,0,-0.0044,0.0038,0.377,1790,6,3,5,2,8,8
1548288,756,1,0,0,0,0,0,-0.00249,0.0042,0.3644,1963,6,3,7,1,11,11
1550336,757,1,0,0,0,0,0,-0.00169,0.00817,0.3486,1969,10,9,8,3,4,4
1552384,758,1,0,0,0,0,0,-0.00292,0.00443,0.3994,1588,6,5,4,0,8,8
1554432,759,1,0,0,0,0,0,-0.00391,0.00644,0.4043,1706,12,8,9,0,11,11
1556480,760,1,0,0,0,0,0,-0.00339,0.00573,0.3617,1862,9,9,9,1,13,13
1558528,761,1,0,0,0,0,0,-0.00339,0.00439,0.372,1642,8,7,5,2,13,13
1560576,762,1,0,0,0,0,0,-0.00405,0.00488,0.3831,1862,5,4,10,2,10,10
1562624,763,1,0,0,0,0,0,-0.00752,0.00647,0.3991,1898,9,8,11,2,10,10
1564672,764,1,0,0,0,0,0,-0.00169,0.00542,0.3348,2100,6,6,10,1,9,8
1566720,765,1,0,0,0,0,0,-0.00039,0.0049,0.3314,2001,6,6,7,2,4,4
1568768,766,1,0,0,0,0,0,-0.00326,0.00686,0.3141,1670,12,10,12,1,9,9
1570816,767,1,0,0,0,0,0,-0.00544,0.0049,0.361,1801,5,5,6,1,12,12
1572864,768,1,0,0,0,0,0,-0.00201,0.00501,0.3355,2103,3,2,7,2,8,8
1574912,769,1,0,0,0,0,0,-0.00439,0.00439,0.3612,1948,8,5,8,0,7,7
1576960,770,1,0,0,0,0,0,-0.00049,0.00584,0.3488,1949,3,3,12,3,3,3
1579008,771,1,0,0,0,0,0,-0.00311,0.00411,0.3324,1676,3,2,3,1,1,1
1581056,772,1,0,0,0,0,0,-0.00424,0.00754,0.389,1928,11,6,9,1,12,12
1583104,773,1,0,0,0,0,0,-0.00336,0.00578,0.3437,2091,8,6,8,1,10,10
1585152,774,1,0,0,0,0,0,-0.00451,0.0029,0.3458,2112,4,4,2,1,3,3
1587200,775,1,0,0,0,0,0,-0.00462,0.00351,0.3333,2018,4,2,9,2,7,7
1589248,776,1,0,0,0,0,0,-0.00056,0.0047,0.3639,2017,9,8,6,0,10,10
1591296,777,1,0,0,0,0,0,-0.00659,0.00752,0.3748,1928,9,8,9,4,3,3
1593344,778,1,0,0,0,0,0,-0.00367,0.00629,0.3964,1786,6,4,8,3,6,6
1595392,779,1,0,0,0,0,0,-0.00428,0.007,0.386,2041,10,10,9,4,7,7
1597440,780,1,0,0,0,0,0,-0.00294,0.00692,0.3809,1790,16,16,9,1,6,6
1599488,781,1,0,0,0,0,0,-0.00145,0.00594,0.4024,1666,8,8,13,2,8,8
1601536,782,1,0,0,0,0,0,-0.00176,0.00799,0.4364,2000,9,8,11,4,9,9
1603584,783,1,0,0,0,0,0,-0.00246,0.00472,0.3747,2138,11,10,6,0,13,13
1605632,784,1,0,0,0,0,0,-0.00359,0.00656,0.4166,1805,4,3,9,5,2,2
1607680,785,1,0,0,0,0,0,-0.00492,0.00513,0.3959,1794,10,6,3,1,4,4
1609728,786,1,0,0,0,0,0,0.00113,0.00344,0.416,1773,6,6,8,0,8,8
1611776,787,1,0,0,0,0,0,-0.00384,0.00677,0.4228,1732,9,6,11,3,9,9
1613824,788,1,0,0,0,0,0,-0.00173,0.00934,0.4185,1729,13,10,7,3,6,6
1615872,789,1,0,0,0,0,0,-0.00207,0.00555,0.4075,1920,7,6,8,2,10,10
1617920,790,1,0,0,0,0,0,0.00321,0.00719,0.4227,1841,13,10,11,1,6,6
1619968,791,1,0,0,0,0,0,-0.00315,0.00654,0.3897,1778,9,8,11,2,3,3
1622016,792,1,0,0,0,0,0,-0.00382,0.0063,0.3526,2025,9,7,7,1,7,7
1624064,793,1,0,0,0,0,0,-0.00454,0.00986,0.3628,2005,8,8,12,5,9,9
1626112,794,1,0,0,0,0,0,-0.00581,0.00579,0.3958,1869,7,6,10,2,8,8
1628160,795,1,0,0,0,0,0,-0.00415,0.00814,0.367,2021,10,7,10,2,11,11
1630208,796,1,0,0,0,0,0,-0.00437,0.00502,0.3495,1928,4,4,14,2,17,17
1632256,797,1,0,0,0,0,0,-0.00319,0.00689,0.3277,2064,11,9,8,2,11,11
1634304,798,1,0,0,0,0,0,0.0005,0.00307,0.3104,1949,4,4,9,1,7,7
1636352,799,1,0,0,0,0,0,-0.00373,0.00455,0.3608,1636,6,6,14,1,5,5
1638400,800,1,0,0,0,0,0,-0.00636,0.00493,0.3845,1766,11,10,7,0,11,11
1640448,801,1,0,0,0,0,0,-0.00352,0.00622,0.3938,1925,8,6,4,1,15,15
1642496,802,1,0,0,0,0,0,-0.00505,0.00607,0.3962,1658,12,10,8,1,5,5
1644544,803,1,0,0,0,0,0,-0.00406,0.00677,0.4088,1671,12,11,10,2,8,8
1646592,804,1,0,0,0,0,0,-0.00484,0.00475,0.3945,1880,6,5,7,1,4,4
1648640,805,1,0,0,0,0,0,-0.00576,0.00758,0.4094,1618,11,7,11,3,7,7
1650688,806,1,0,0,0,0,0,-0.00371,0.00749,0.33,1651,12,11,6,2,11,11
1652736,807,1,0,0,0,0,0,-0.00574,0.00687,0.3531,1455,7,7,12,5,8,8
1654784,808,1,0,0,0,0,0,-0.00279,0.00717,0.3648,1362,6,5,14,4,6,6
1656832,809,1,0,0,0,0,0,-0.00446,0.00488,0.3623,1613,8,7,4,1,6,6
1658880,810,1,0,0,0,0,0,-0.00405,0.00489,0.3343,1703,7,4,6,1,11,11
1660928,811,1,0,0,0,0,0,-0.0053,0.0066,0.3108,1869,10,10,5,1,10,10
1662976,812,1,0,0,0,0,0,-0.00087,0.00679,0.3046,1903,9,7,14,3,8,8
1665024,813,1,0,0,0,0,0,-0.00096,0.00693,0.3028,2009,11,11,7,1,6,6
1667072,814,1,0,0,0,0,0,-0.00429,0.00567,0.2596,1859,8,7,7,1,12,11
1669120,815,1,0,0,0,0,0,-0.00225,0.0064,0.3044,1885,10,8,5,2,5,5
1671168,816,1,0,0,0,0,0,-0.00231,0.00475,0.3247,1973,2,2,9,2,8,8
1673216,817,1,0,0,0,0,0,-0.00529,0.00639,0.3251,1968,10,8,9,2,12,12
1675264,818,1,0,0,0,0,0,-0.00603,0.00719,0.3605,1848,10,9,11,2,9,8
1677312,819,1,0,0,0,0,0,-0.00329,0.00827,0.3433,1895,10,9,11,5,2,2
1679360,820,1,0,0,0,0,0,0.00045,0.00851,0.2922,1900,12,10,6,2,7,7
1681408,821,1,0,0,0,0,0,-0.00324,0.00828,0.3022,2017,13,11,7,2,12,12
1683456,822,1,0,0,0,0,0,-0.01004,0.00515,0.3584,1689,6,6,8,1,8,8
1685504,823,1,0,0,0,0,0,-0.00181,0.00677,0.3258,1979,8,8,7,3,11,11
1687552,824,1,0,0,0,0,0,-0.00173,0.00946,0.2706,2103,11,8,12,6,6,6
1689600,825,1,0,0,0,0,0,-0.00458,0.00485,0.3235,2124,6,5,9,1,5,5
1691648,826,1,0,0,0,0,0,-0.00321,0.0034,0.3408,2132,5,4,6,0,11,11
1693696,827,1,0,0,0,0,0,-0.00379,0.00701,0.2955,2144,10,9,9,3,8,8
1695744,828,1,0,0,0,0,0,-0.0025,0.00482,0.283,2120,9,7,9,1,13,13
1697792,829,1,0,0,0,0,0,-0.00228,0.00412,0.2643,2115,8,7,6,0,6,6
1699840,830,1,0,0,0,0,0,-0.0031,0.00416,0.2495,2140,9,8,2,0,5,5
1701888,831,1,0,0,0,0,0,-0.00377,0.00832,0.2813,2184,18,11,10,1,7,7
1703936,832,1,0,0,0,0,0,-0.00327,0.00895,0.2952,2040,13,13,6,3,12,12
1705984,833,1,0,0,0,0,0,-0.00528,0.00645,0.3375,1820,11,11,16,1,13,13
1708032,834,1,0,0,0,0,0,-0.00402,0.00483,0.327,1849,8,7,6,2,5,5
1710080,835,1,0,0,0,0,0,-0.00362,0.00727,0.3302,1880,8,8,12,4,11,11
1712128,836,1,0,0,0,0,0,-0.00373,0.00633,0.3184,1655,10,9,9,2,13,13
1714176,837,1,0,0,0,0,0,-0.00472,0.00722,0.3003,1877,7,5,10,4,7,7
1716224,838,1,0,0,0,0,0,-0.00225,0.00448,0.3385,1873,5,3,4,1,9,9
1718272,839,1,0,0,0,0,0,-0.00271,0.00348,0.3177,1989,5,5,8,0,9,9
1720320,840,1,0,0,0,0,0,-0.00164,0.00423,0.3002,1921,5,3,4,1,8,8
1722368,841,1,0,0,0,0,0,-0.00448,0.00336,0.3578,1998,6,3,4,0,5,5
1724416,842,1,0,0,0,0,0,-0.00241,0.0065,0.3542,1547,9,8,7,1,10,10
1726464,843,1,0,0,0,0,0,-0.00451,0.01053,0.3633,2098,16,12,12,5,11,11
1728512,844,1,0,0,0,0,0,-0.00213,0.00461,0.3514,2055,9,8,6,0,4,4
1730560,845,1,0,0,0,0,0,-0.00413,0.00373,0.3562,2155,2,1,8,3,4,4
1732608,846,1,0,0,0,0,0,-0.00393,0.00831,0.3137,2121,7,6,13,4,10,10
1734656,847,1,0,0,0,0,0,-0.00655,0.00442,0.3194,2125,6,5,7,0,8,7
1736704,848,1,0,0,0,0,0,-0.00464,0.0049,0.2823,1777,7,7,9,1,15,15
1738752,849,1,0,0,0,0,0,-0.00659,0.00748,0.3514,1965,9,8,11,3,9,9
1740800,850,1,0,0,0,0,0,-0.00449,0.00504,0.3601,1954,5,4,6,5,6,6
1742848,851,1,0,0,0,0,0,-0.00287,0.00373,0.2549,1984,7,4,3,0,4,4
1744896,852,1,0,0,0,0,0,-0.0012,0.00311,0.2993,1689,3,3,11,2,6,6
1746944,853,1,0,0,0,0,0,-0.00443,0.0036,0.3077,1934,2,1,10,1,11,11
1748992,854,1,0,0,0,0,0,-0.00224,0.00317,0.2827,1918,6,5,3,0,3,3
1751040,855,1,0,0,0,0,0,-0.0016,0.00531,0.2662,1794,8,7,9,1,12,12
1753088,856,1,0,0,0,0,0,-0.00499,0.0042,0.3227,1968,9,9,9,1,5,5
1755136,857,1,0,0,0,0,0,-0.00271,0.00464,0.3153,1991,11,10,10,1,11,11
1757184,858,1,0,0,0,0,0,0.00185,0.00343,0.3237,1984,3,3,10,2,3,3
1759232,859,1,0,0,0,0,0,-6e-05,0.00491,0.301,2092,8,8,7,2,4,4
1761280,860,1,0,0,0,0,0,-0.00127,0.00423,0.3574,2002,5,4,11,1,7,7
1763328,861,1,0,0,0,0,0,-0.00286,0.00723,0.3699,1933,11,9,9,3,14,14
1765376,862,1,0,0,0,0,0,-0.00487,0.00666,0.3854,1840,10,10,7,3,10,10
1767424,863,1,0,0,0,0,0,-0.0037,0.00493,0.3254,1882,9,8,9,3,6,6
1769472,864,1,0,0,0,0,0,-0.00525,0.00737,0.3334,1868,10,10,11,4,7,7
1771520,865,1,0,0,0,0,0,-0.0034,0.00517,0.3412,1597,9,7,13,2,6,6
1773568,866,1,0,0,0,0,0,-0.00383,0.00489,0.383,1949,8,6,8,2,9,9
1775616,867,1,0,0,0,0,0,-0.00473,0.00499,0.4136,1860,8,8,12,2,10,10
1777664,868,1,0,0,0,0,0,-0.00435,0.00795,0.3753,1976,15,14,10,4,10,10
1779712,869,1,0,0,0,0,0,0.00052,0.00671,0.4086,1832,11,9,9,2,4,4
1781760,870,1,0,0,0,0,0,-0.00438,0.00572,0.4522,1734,7,4,9,3,6,6
1783808,871,1,0,0,0,0,0,-0.00359,0.00711,0.4212,1769,10,9,9,3,12,11
1785856,872,1,0,0,0,0,0,-0.00352,0.0074,0.4339,1828,12,11,11,3,10,10
1787904,873,1,0,0,0,0,0,-0.00485,0.004,0.4418,1338,6,5,8,1,9,9
1789952,874,1,0,0,0,0,0,-0.00151,0.00492,0.3828,1736,11,11,13,0,10,10
1792000,875,1,0,0,0,0,0,-0.00334,0.00658,0.4526,1739,13,8,7,1,17,17
1794048,876,1,0,0,0,0,0,-0.00431,0.01115,0.4645,1677,8,8,17,7,23,23
1796096,877,1,0,0,0,0,0,-0.00426,0.00631,0.4808,1738,9,8,9,2,15,15
1798144,878,1,0,0,0,0,0,-3e-05,0.00578,0.4748,1893,8,6,7,1,8,8
1800192,879,1,0,0,0,0,0,-0.00253,0.00725,0.4431,1863,10,10,8,2,9,8
1802240,880,1,0,0,0,0,0,-0.0013,0.00447,0.4194,1524,6,5,4,2,7,7
1804288,881,1,0,0,0,0,0,-0.00402,0.00427,0.3668,1457,10,9,8,0,7,7
1806336,882,1,0,0,0,0,0,-0.00484,0.00657,0.3692,2038,12,9,12,2,13,13
1808384,883,1,0,0,0,0,0,-0.00332,0.00418,0.3592,2030,7,6,11,1,10,10
1810432,884,1,0,0,0,0,0,-0.00306,0.0053,0.3325,1860,7,6,5,2,10,10
1812480,885,1,0,0,0,0,0,-0.00262,0.00453,0.4035,1923,5,4,7,2,8,7
1814528,886,1,0,0,0,0,0,-0.00183,0.0038,0.3951,1890,3,3,8,1,8,8
1816576,887,1,0,0,0,0,0,-0.00332,0.00507,0.3538,1680,10,6,7,2,4,4
1818624,888,1,0,0,0,0,0,-0.00561,0.00385,0.3154,1838,5,3,2,0,13,13
1820672,889,1,0,0,0,0,0,-0.00412,0.00438,0.2793,1747,7,6,14,2,12,12
1822720,890,1,0,0,0,0,0,-0.00357,0.00433,0.3683,1461,9,8,5,0,11,11
1824768,891,1,0,0,0,0,0,-0.00431,0.00659,0.3523,1608,9,8,6,3,7,7
1826816,892,1,0,0,0,0,0,-0.00286,0.00393,0.3149,1853,8,6,7,1,5,5
1828864,893,1,0,0,0,0,0,-0.00705,0.00516,0.284,1607,9,7,8,0,11,11
1830912,894,1,0,0,0,0,0,-0.00255,0.00491,0.2716,1856,11,9,4,0,11,11
1832960,895,1,0,0,0,0,0,-0.00253,0.00868,0.2931,1962,9,8,16,5,8,8
1835008,896,1,0,0,0,0,0,-0.00575,0.00495,0.283,2038,10,10,7,1,10,10
1837056,897,1,0,0,0,0,0,-0.00446,0.0035,0.2289,1955,5,3,5,1,8,8
1839104,898,1,0,0,0,0,0,-0.00243,0.00451,0.247,1935,8,6,7,1,9,9
1841152,899,1,0,0,0,0,0,-0.00426,0.00726,0.2615,1529,8,7,16,3,11,11
1843200,900,1,0,0,0,0,0,-0.00383,0.00507,0.2592,1863,5,4,5,3,9,9
1845248,901,1,0,0,0,0,0,-0.00137,0.00702,0.2661,1623,14,13,10,3,8,8
1847296,902,1,0,0,0,0,0,-0.00581,0.00677,0.2583,1867,6,6,10,3,9,9
1849344,903,1,0,0,0,0,0,-0.00147,0.00595,0.2389,1948,13,12,5,2,14,14
1851392,904,1,0,0,0,0,0,-0.00286,0.00505,0.2614,1944,14,12,8,1,9,9
1853440,905,1,0,0,0,0,0,-0.00394,0.0072,0.2716,1658,15,13,11,2,15,15
1855488,906,1,0,0,0,0,0,-0.00119,0.00433,0.1979,1638,10,9,9,3,4,4
1857536,907,1,0,0,0,0,0,-0.00434,0.00421,0.1629,1417,4,4,9,2,8,8
1859584,908,1,0,0,0,0,0,-0.00169,0.00345,0.1764,1992,9,7,6,0,13,13
1861632,909,1,0,0,0,0,0,-0.00488,0.00557,0.2558,1983,12,12,11,3,11,11
1863680,910,1,0,0,0,0,0,-0.00188,0.00541,0.2342,2008,7,6,6,2,5,5
1865728,911,1,0,0,0,0,0,-0.0071,0.00517,0.2808,1866,5,3,11,3,5,5
1867776,912,1,0,0,0,0,0,-0.0023,0.00437,0.2914,1670,4,4,8,2,15,15
1869824,913,1,0,0,0,0,0,-0.00227,0.00508,0.314,1501,10,9,11,3,7,7
1871872,914,1,0,0,0,0,0,-0.00467,0.00449,0.2606,1624,6,6,7,2,3,3
1873920,915,1,0,0,0,0,0,-0.00483,0.00448,0.233,1656,8,7,9,2,4,4
1875968,916,1,0,0,0,0,0,-0.00413,0.00376,0.2584,1676,10,9,5,1,9,9
1878016,917,1,0,0,0,0,0,-0.00424,0.00685,0.2288,1855,7,7,11,5,10,10
1880064,918,1,0,0,0,0,0,-0.00372,0.00533,0.2319,2020,9,7,11,3,8,8
1882112,919,1,0,0,0,0,0,-0.004,0.00545,0.2633,1962,8,7,10,2,7,7
1884160,920,1,0,0,0,0,0,-0.00176,0.00364,0.2327,1958,5,5,4,1,10,10
1886208,921,1,0,0,0,0,0,0.00674,0.00402,0.2412,1604,8,6,6,0,12,12
1888256,922,1,0,0,0,0,0,-0.00643,0.00705,0.2432,2031,10,10,14,4,10,10
1890304,923,1,0,0,0,0,0,-0.00424,0.00657,0.2679,2051,7,7,15,4,7,7
1892352,924,1,0,0,0,0,0,-0.00159,0.00654,0.2885,1958,9,9,15,5,10,10
1894400,925,1,0,0,0,0,0,-0.00485,0.00605,0.2817,2064,14,12,9,2,13,13
1896448,926,1,0,0,0,0,0,-0.00299,0.00577,0.288,1725,13,12,12,2,11,11
1898496,927,1,0,0,0,0,0,-0.00317,0.00469,0.2508,1978,12,11,12,0,10,10
1900544,928,1,0,0,0,0,0,-0.00294,0.0056,0.2781,1965,11,9,10,1,10,10
1902592,929,1,0,0,0,0,0,-0.00412,0.00777,0.2966,1975,10,10,11,5,8,8
1904640,930,1,0,0,0,0,0,-0.00455,0.00701,0.3022,2073,7,4,11,4,10,10
1906688,931,1,0,0,0,0,0,-0.00582,0.0077,0.3179,2076,17,16,10,2,14,14
1908736,932,1,0,0,0,0,0,-0.00236,0.00621,0.2601,2038,12,9,5,2,13,13
1910784,933,1,0,0,0,0,0,-0.00229,0.00221,0.2497,1429,3,3,5,0,2,2
1912832,934,1,0,0,0,0,0,-0.00229,0.00667,0.2601,1546,13,10,9,2,8,8
1914880,935,1,0,0,0,0,0,-0.002,0.00762,0.2408,1638,12,11,14,5,11,11
1916928,936,1,0,0,0,0,0,-0.00341,0.00723,0.2684,1883,1,1,12,6,8,8
1918976,937,1,0,0,0,0,0,-0.00217,0.00423,0.283,1851,6,5,9,1,8,8
1921024,938,1,0,0,0,0,0,-0.0016,0.00518,0.2621,1780,5,3,5,3,3,3
1923072,939,1,0,0,0,0,0,0.00023,0.00406,0.2662,1765,9,9,10,0,5,4
1925120,940,1,0,0,0,0,0,0.0007,0.00563,0.3494,1602,11,9,13,1,7,7
1927168,941,1,0,0,0,0,0,0.0014,0.0062,0.3718,1678,6,5,7,5,11,11
1929216,942,1,0,0,0,0,0,-0.00236,0.00955,0.3592,1855,11,7,10,6,8,8
1931264,943,1,0,0,0,0,0,-0.00235,0.00925,0.3412,1669,12,7,11,5,13,13
1933312,944,1,0,0,0,0,0,-0.00504,0.00533,0.3029,2027,12,12,9,0,15,15
1935360,945,1,0,0,0,0,0,0.00012,0.00785,0.3059,1888,8,6,12,5,9,9
1937408,946,1,0,0,0,0,0,-0.00222,0.00626,0.3158,2052,9,8,12,4,9,9
1939456,947,1,0,0,0,0,0,-0.00398,0.00486,0.3166,1970,13,11,11,2,10,10
1941504,948,1,0,0,0,0,0,-0.00348,0.00677,0.3179,1968,13,10,7,4,9,9
1943552,949,1,0,0,0,0,0,-0.00266,0.00576,0.2846,1879,8,7,10,3,5,5
1945600,950,1,0,0,0,0,0,-0.00516,0.00305,0.2565,1693,8,6,7,0,5,5
1947648,951,1,0,0,0,0,0,-0.00196,0.00367,0.2304,2052,9,6,6,1,3,3
1949696,952,1,0,0,0,0,0,0.00022,0.00654,0.3172,2106,7,7,9,3,11,11
1951744,953,1,0,0,0,0,0,-0.00319,0.00425,0.3449,1734,8,7,7,1,12,12
1953792,954,1,0,0,0,0,0,-0.00428,0.00512,0.3227,1723,8,5,11,3,10,10
1955840,955,1,0,0,0,0,0,-0.0047,0.00585,0.2903,1711,4,3,9,5,19,19
1957888,956,1,0,0,0,0,0,-0.00403,0.00398,0.2386,1850,9,7,5,2,10,10
1959936,957,1,0,0,0,0,0,-0.00514,0.00699,0.2674,1818,8,8,12,7,18,18
1961984,958,1,0,0,0,0,0,-0.00247,0.00407,0.2599,1835,8,7,10,3,5,5
1964032,959,1,0,0,0,0,0,-0.00296,0.00729,0.286,1704,11,11,12,5,5,5
1966080,960,1,0,0,0,0,0,-0.00254,0.00481,0.3243,1957,14,14,10,1,15,15
1968128,961,1,0,0,0,0,0,-0.00199,0.00597,0.3168,1957,16,15,10,2,11,11
1970176,962,1,0,0,0,0,0,-0.00022,0.0032,0.3844,1942,12,12,3,0,11,11
1972224,963,1,0,0,0,0,0,-0.00446,0.00562,0.3515,2040,8,5,9,3,8,8
1974272,964,1,0,0,0,0,0,-0.00096,0.0065,0.3232,1749,14,12,8,4,9,9
1976320,965,1,0,0,0,0,0,-0.00379,0.00368,0.3068,2055,4,4,13,2,13,13
1978368,966,1,0,0,0,0,0,-0.00094,0.00445,0.2955,1984,5,4,9,1,6,6
1980416,967,1,0,0,0,0,0,-0.00936,0.00557,0.3126,1735,7,6,6,3,12,12
1982464,968,1,0,0,0,0,0,-0.00481,0.00416,0.299,1731,11,11,8,2,9,9
1984512,969,1,0,0,0,0,0,-0.00324,0.00587,0.2721,1506,11,11,8,4,5,5
1986560,970,1,0,0,0,0,0,0.00261,0.00413,0.2965,1643,8,7,8,1,6,6
1988608,971,1,0,0,0,0,0,-0.00339,0.00276,0.2288,1645,7,6,6,0,7,7
1990656,972,1,0,0,0,0,0,-0.00257,0.00469,0.2506,1838,10,8,7,1,9,9
1992704,973,1,0,0,0,0,0,-0.00243,0.00504,0.2591,1489,3,3,5,3,1,1
1994752,974,1,0,0,0,0,0,-0.00128,0.0058,0.2876,1905,15,13,10,1,10,10
1996800,975,1,0,0,0,0,0,-0.00398,0.00465,0.2458,1519,13,10,6,1,11,11
1998848,976,1,0,0,0,0,0,-0.00346,0.00185,0.2015,1679,4,4,2,0,5,5
2000896,977,1,0,0,0,0,0,-0.00241,0.00355,0.2439,1984,6,5,11,2,6,6
2002944,978,1,0,0,0,0,0,-0.00392,0.00452,0.2488,1732,5,5,7,1,7,7
2004992,979,1,0,0,0,0,0,-0.00442,0.00688,0.2523,1779,7,7,6,1,15,14
2007040,980,1,0,0,0,0,0,-0.00199,0.00384,0.2434,1691,11,9,5,0,8,8
2009088,981,1,0,0,0,0,0,-0.00424,0.0068,0.2718,1665,3,2,9,7,4,3
2011136,982,1,0,0,0,0,0,-0.00168,0.00526,0.2648,1684,8,7,11,3,9,9
2013184,983,1,0,0,0,0,0,-0.00235,0.00539,0.3397,1637,8,8,10,2,6,6
2015232,984,1,0,0,0,0,0,-0.0016,0.00475,0.3793,1718,7,7,7,2,13,13
2017280,985,1,0,0,0,0,0,-0.00166,0.00333,0.2946,1476,7,5,6,3,4,4
2019328,986,1,0,0,0,0,0,-0.0018,0.00338,0.2698,1359,3,1,6,1,5,5
2021376,987,1,0,0,0,0,0,-0.00056,0.0044,0.2307,1851,11,10,11,1,7,7
2023424,988,1,0,0,0,0,0,-0.00349,0.00366,0.1922,2073,8,7,10,2,3,3
2025472,989,1,0,0,0,0,0,0.00045,0.00399,0.1629,1979,5,5,8,3,10,10
2027520,990,1,0,0,0,0,0,-0.00198,0.00286,0.2089,1896,5,5,10,1,8,8
2029568,991,1,0,0,0,0,0,0.00178,0.0093,0.2419,2002,4,4,16,8,10,10
2031616,992,1,0,0,0,0,0,-0.00234,0.00763,0.2166,1801,10,9,15,8,9,9
2033664,993,1,0,0,0,0,0,-0.00342,0.00487,0.2176,1734,7,6,6,3,9,9
2035712,994,1,0,0,0,0,0,-0.00484,0.00714,0.2659,1838,10,8,10,7,6,6
2037760,995,1,0,0,0,0,0,0.0019,0.00493,0.312,1781,3,1,6,1,5,5
2039808,996,1,0,0,0,0,0,-0.00456,0.00475,0.2801,1968,9,6,6,2,5,5
2041856,997,1,0,0,0,0,0,-0.00068,0.00556,0.245,2033,17,13,10,1,12,12
2043904,998,1,0,0,0,0,0,-0.00644,0.00531,0.2752,2054,9,9,5,3,11,11
2045952,999,1,0,0,0,0,0,-0.00379,0.00361,0.2194,2058,8,7,7,2,5,5
2048000,1000,1,0,0,0,0,0,-0.00428,0.00645,0.2058,1921,9,6,11,6,5,5
2050048,1001,1,0,0,0,0,0,-0.00123,0.00509,0.2412,2016,10,10,11,2,12,12
2052096,1002,1,0,0,0,0,0,-0.00174,0.00417,0.2107,2105,6,6,6,3,8,8
2054144,1003,1,0,0,0,0,0,-0.00372,0.00762,0.2182,2044,10,9,16,8,11,11
2056192,1004,1,0,0,0,0,0,-0.00352,0.00423,0.2158,2126,16,15,9,3,13,13
2058240,1005,1,0,0,0,0,0,-0.00349,0.00441,0.2463,1980,14,14,7,2,16,16
2060288,1006,1,0,0,0,0,0,-0.00164,0.00282,0.2285,2170,8,6,2,1,7,7
2062336,1007,1,0,0,0,0,0,-0.00452,0.00393,0.197,2179,3,3,9,5,3,3
2064384,1008,1,0,0,0,0,0,-0.00277,0.00461,0.2617,2155,5,3,9,5,6,6
2066432,1009,1,0,0,0,0,0,-0.00313,0.0016,0.2858,2128,0,0,4,0,6,6
2068480,1010,1,0,0,0,0,0,-0.00288,0.00396,0.2891,1870,8,3,5,3,3,3
2070528,1011,1,0,0,0,0,0,-0.00212,0.00428,0.3323,1771,5,4,12,4,7,7
2072576,1012,1,0,0,0,0,0,0.00124,0.00282,0.348,1907,1,1,5,1,5,5
2074624,1013,1,0,0,0,0,0,1e-05,0.00395,0.3423,1375,8,8,6,1,10,10
2076672,1014,1,0,0,0,0,0,-0.00369,0.00545,0.296,1429,10,6,7,3,6,6
2078720,1015,1,0,0,0,0,0,-0.00165,0.00576,0.2207,1560,14,13,9,6,8,8
2080768,1016,1,0,0,0,0,0,-0.00244,0.00293,0.2249,1897,3,0,4,1,6,6
2082816,1017,1,0,0,0,0,0,0.00078,0.0028,0.1957,1790,2,2,8,2,6,6
2084864,1018,1,0,0,0,0,0,-0.00154,0.00581,0.3177,1732,10,10,14,3,8,8
2086912,1019,1,0,0,0,0,0,-0.00434,0.0066,0.2684,1717,12,10,9,3,16,16
2088960,1020,1,0,0,0,0,0,-0.00216,0.00647,0.2402,1990,7,7,10,5,5,5
2091008,1021,1,0,0,0,0,0,-0.00382,0.00223,0.2456,1982,8,6,5,1,9,9
2093056,1022,1,0,0,0,0,0,-0.00307,0.00232,0.2882,1584,2,1,4,1,5,5
2095104,1023,1,0,0,0,0,0,-0.00107,0.00348,0.3039,2003,10,5,5,2,2,2
2097152,1024,1,0,0,0,0,0,-0.00562,0.00483,0.297,1876,4,4,8,3,10,10
2099200,1025,1,0,0,0,0,0,-0.00345,0.00316,0.2337,1723,5,4,6,2,11,11
2101248,1026,1,0,0,0,0,0,-0.00665,0.00472,0.2615,1699,3,3,10,3,7,7
2103296,1027,1,0,0,0,0,0,-0.00035,0.00615,0.314,1721,10,8,4,3,14,13
2105344,1028,1,0,0,0,0,0,-0.00359,0.00842,0.3793,1726,12,11,13,7,11,11
2107392,1029,1,0,0,0,0,0,-0.00414,0.00745,0.341,1723,10,10,10,6,6,6
2109440,1030,1,0,0,0,0,0,-0.00288,0.00402,0.3046,2056,9,9,8,1,12,12
2111488,1031,1,0,0,0,0,0,-0.00402,0.0034,0.3165,2007,12,8,2,0,8,8
2113536,1032,1,0,0,0,0,0,-0.00486,0.00425,0.2977,2097,9,6,6,3,8,8
2115584,1033,1,0,0,0,0,0,-0.00061,0.0034,0.2914,2063,8,5,6,1,4,4
2117632,1034,1,0,0,0,0,0,-0.0015,0.00512,0.26,2027,12,10,8,3,7,7
2119680,1035,1,0,0,0,0,0,-0.00449,0.00525,0.244,1848,10,7,7,2,10,10
2121728,1036,1,0,0,0,0,0,-0.00167,0.00284,0.2159,1889,2,2,6,2,2,2
2123776,1037,1,0,0,0,0,0,-0.0084,0.00555,0.2555,2094,3,2,8,3,6,6
2125824,1038,1,0,0,0,0,0,-0.00498,0.0057,0.2507,1657,13,10,9,5,3,3
2127872,1039,1,0,0,0,0,0,-0.00562,0.00576,0.306,1803,7,6,12,6,15,15
2129920,1040,1,0,0,0,0,0,-0.00279,0.00486,0.3149,1920,10,7,10,2,5,5
2131968,1041,1,0,0,0,0,0,-0.00365,0.0053,0.259,1848,7,7,7,5,6,6
2134016,1042,1,0,0,0,0,0,-0.00189,0.0038,0.2346,1863,4,3,7,2,6,6
2136064,1043,1,0,0,0,0,0,-0.0059,0.00701,0.2893,1932,12,11,11,3,16,16
2138112,1044,1,0,0,0,0,0,-0.00332,0.00607,0.3295,1798,9,9,8,4,18,18
2140160,1045,1,0,0,0,0,0,-0.00352,0.00591,0.3079,1858,11,10,9,5,2,2
2142208,1046,1,0,0,0,0,0,-0.00225,0.00295,0.3187,1665,8,7,10,1,13,13
2144256,1047,1,0,0,0,0,0,-0.00557,0.0056,0.3693,1834,7,6,12,5,5,5
2146304,1048,1,0,0,0,0,0,-0.00306,0.00336,0.4078,1549,3,2,5,2,3,3
2148352,1049,1,0,0,0,0,0,-0.00461,0.00474,0.4004,1827,12,9,7,2,8,8
2150400,1050,1,0,0,0,0,0,-0.00369,0.00435,0.3795,1833,11,10,11,2,4,4
2152448,1051,1,0,0,0,0,0,-0.00588,0.004,0.3502,1829,3,3,5,2,3,3
2154496,1052,1,0,0,0,0,0,-0.00401,0.00618,0.3458,2001,7,6,12,2,13,13
2156544,1053,1,0,0,0,0,0,-0.00477,0.00856,0.3046,1937,14,14,16,6,4,4
2158592,1054,1,0,0,0,0,0,-0.00617,0.00484,0.3032,1978,8,7,7,4,14,14
2160640,1055,1,0,0,0,0,0,-0.00469,0.00325,0.2784,1933,10,7,6,1,11,11
2162688,1056,1,0,0,0,0,0,-0.00649,0.00425,0.3369,2155,7,7,11,3,13,13
2164736,1057,1,0,0,0,0,0,-0.0013,0.00287,0.332,2039,8,6,6,1,8,8
2166784,1058,1,0,0,0,0,0,-0.00215,0.00482,0.3111,1875,6,4,7,4,11,11
2168832,1059,1,0,0,0,0,0,-0.00203,0.00453,0.343,1933,8,7,5,2,14,14
2170880,1060,1,0,0,0,0,0,-0.006,0.00498,0.3135,1826,15,13,6,2,6,6
2172928,1061,1,0,0,0,0,0,-0.00345,0.00592,0.3414,1725,7,7,11,3,7,7
2174976,1062,1,0,0,0,0,0,-0.00265,0.0032,0.3186,1942,6,5,5,1,6,6
2177024,1063,1,0,0,0,0,0,-0.00487,0.00242,0.3388,1984,4,3,5,0,4,4
2179072,1064,1,0,0,0,0,0,-0.00457,0.00762,0.3661,1780,11,8,13,5,11,11
2181120,1065,1,0,0,0,0,0,-0.00639,0.00609,0.3699,1564,15,12,8,5,10,10
2183168,1066,1,0,0,0,0,0,-0.00318,0.00313,0.3034,1762,7,7,5,1,10,10
2185216,1067,1,0,0,0,0,0,-0.00491,0.00428,0.258,1971,8,6,7,4,10,10
2187264,1068,1,0,0,0,0,0,-0.00346,0.00301,0.3166,1985,2,2,6,2,9,9
2189312,1069,1,0,0,0,0,0,-0.006,0.00489,0.3001,2097,7,6,10,5,9,9
2191360,1070,1,0,0,0,0,0,-0.0017,0.00671,0.2829,2108,9,8,11,6,11,11
2193408,1071,1,0,0,0,0,0,-0.0036,0.0044,0.2362,2092,10,9,8,3,2,2
2195456,1072,1,0,0,0,0,0,-0.00342,0.00359,0.1976,2060,7,7,7,4,6,6
2197504,1073,1,0,0,0,0,0,-0.00261,0.00717,0.241,2153,5,5,15,7,12,12
2199552,1074,1,0,0,0,0,0,-0.00323,0.00628,0.2759,2161,18,17,10,3,19,19
2201600,1075,1,0,0,0,0,0,-0.00455,0.00592,0.2131,2082,11,10,6,3,13,12
2203648,1076,1,0,0,0,0,0,-0.00523,0.00511,0.2491,1973,10,8,7,4,4,4
2205696,1077,1,0,0,0,0,0,-0.00318,0.00541,0.2582,2035,16,14,9,4,16,16
2207744,1078,1,0,0,0,0,0,-0.00078,0.00668,0.2827,2036,13,12,13,7,17,17
2209792,1079,1,0,0,0,0,0,-0.00238,0.0044,0.2947,2152,11,10,6,2,11,11
2211840,1080,1,0,0,0,0,0,-0.00462,0.0042,0.2996,2031,9,8,11,2,3,3
2213888,1081,1,0,0,0,0,0,-0.00144,0.00486,0.3281,1912,7,5,11,2,17,17
2215936,1082,1,0,0,0,0,0,-0.00628,0.0056,0.3351,2095,11,9,11,5,12,12
2217984,1083,1,0,0,0,0,0,-0.00199,0.00564,0.3346,2088,11,11,10,3,4,4
2220032,1084,1,0,0,0,0,0,-0.00272,0.00445,0.276,2061,6,4,6,3,8,8
2222080,1085,1,0,0,0,0,0,-0.00553,0.0027,0.2724,2051,7,4,4,0,6,6
2224128,1086,1,0,0,0,0,0,-0.0031,0.00557,0.2542,1936,15,13,10,3,5,5
2226176,1087,1,0,0,0,0,0,-0.00352,0.00509,0.2191,2062,8,7,11,5,8,8
2228224,1088,1,0,0,0,0,0,-0.00143,0.00694,0.2598,2059,10,10,13,8,8,8
2230272,1089,1,0,0,0,0,0,-0.00343,0.00506,0.3074,1970,7,5,10,4,9,9
2232320,1090,1,0,0,0,0,0,-0.00479,0.00378,0.2861,1982,13,7,5,1,7,7
2234368,1091,1,0,0,0,0,0,-0.00438,0.00508,0.2271,1931,9,9,8,5,6,6
2236416,1092,1,0,0,0,0,0,-0.00157,0.0044,0.2312,1842,11,9,7,3,7,7
2238464,1093,1,0,0,0,0,0,-0.00486,0.0049,0.2717,2043,7,4,3,1,2,2
2240512,1094,1,0,0,0,0,0,-0.0013,0.00492,0.2481,1968,7,5,8,3,12,12
2242560,1095,1,0,0,0,0,0,-0.00064,0.00421,0.2319,2057,16,12,6,2,7,7
2244608,1096,1,0,0,0,0,0,-0.00265,0.00687,0.2028,1911,12,9,12,7,9,9
2246656,1097,1,0,0,0,0,0,-0.00266,0.00566,0.1776,2057,16,15,10,6,14,14
2248704,1098,1,0,0,0,0,0,-0.00111,0.00612,0.2166,1752,17,17,11,6,18,18
2250752,1099,1,0,0,0,0,0,-0.00037,0.00327,0.2306,2005,8,8,6,1,13,13
2252800,1100,1,0,0,0,0,0,-0.00371,0.00269,0.2087,1967,2,1,4,2,0,0
2254848,1101,1,0,0,0,0,0,-0.00045,0.00649,0.2408,1833,5,5,13,9,4,4
2256896,1102,1,0,0,0,0,0,-0.00257,0.00563,0.3043,1997,4,4,13,5,8,8
2258944,1103,1,0,0,0,0,0,-0.00287,0.00446,0.2262,1977,15,14,5,3,3,3
2260992,1104,1,0,0,0,0,0,-0.00505,0.00404,0.2547,2047,9,8,6,2,5,5
2263040,1105,1,0,0,0,0,0,-0.00223,0.00467,0.2597,2028,16,15,8,2,8,8
2265088,1106,1,0,0,0,0,0,-0.00424,0.00552,0.2712,1618,10,9,7,6,13,13
2267136,1107,1,0,0,0,0,0,-0.00584,0.0043,0.2565,2007,10,9,4,1,5,4
2269184,1108,1,0,0,0,0,0,-0.00502,0.00354,0.2971,1799,6,5,5,1,8,8
2271232,1109,1,0,0,0,0,0,-0.0037,0.00346,0.3091,1868,3,1,9,3,9,9
2273280,1110,1,0,0,0,0,0,-0.00104,0.00397,0.2588,1940,7,5,4,3,3,3
2275328,1111,1,0,0,0,0,0,-0.00436,0.00483,0.2132,1949,5,4,9,4,6,6
2277376,1112,1,0,0,0,0,0,-0.0052,0.00256,0.1803,1814,4,4,7,1,9,9
2279424,1113,1,0,0,0,0,0,-0.00167,0.00436,0.2401,1972,3,3,8,3,3,3
2281472,1114,1,0,0,0,0,0,-0.00378,0.0071,0.3274,2057,9,7,14,6,7,7
2283520,1115,1,0,0,0,0,0,-0.00474,0.00538,0.2835,1827,7,7,5,3,11,11
2285568,1116,1,0,0,0,0,0,-0.00372,0.00527,0.2725,2125,9,8,10,4,11,11
2287616,1117,1,0,0,0,0,0,-0.00304,0.00439,0.2337,2007,7,5,7,4,9,9
2289664,1118,1,0,0,0,0,0,-0.00599,0.00742,0.242,1786,14,13,13,9,10,10
2291712,1119,1,0,0,0,0,0,-0.00635,0.00514,0.249,1914,10,8,8,3,16,16
2293760,1120,1,0,0,0,0,0,-0.00555,0.00559,0.2239,1866,3,3,11,8,12,12
2295808,1121,1,0,0,0,0,0,-0.00367,0.00405,0.2219,1944,4,3,9,5,13,13
2297856,1122,1,0,0,0,0,0,-0.0057,0.00471,0.2111,1884,10,8,7,5,8,8
2299904,1123,1,0,0,0,0,0,-0.00989,0.00373,0.2116,1831,10,10,7,4,11,11
2301952,1124,1,0,0,0,0,0,-0.00174,0.00805,0.2151,1795,10,8,15,10,13,13
2304000,1125,1,0,0,0,0,0,-0.00252,0.00459,0.2172,1696,6,6,9,3,11,11
2306048,1126,1,0,0,0,0,0,-0.00348,0.00477,0.2528,2002,11,9,10,6,8,8
2308096,1127,1,0,0,0,0,0,-0.00277,0.0058,0.2635,2061,9,9,7,3,12,12
2310144,1128,1,0,0,0,0,0,-0.00179,0.0031,0.2693,2073,3,2,4,3,16,16
2312192,1129,1,0,0,0,0,0,-0.00168,0.00492,0.236,1793,15,12,10,7,8,8
2314240,1130,1,0,0,0,0,0,-0.00422,0.00514,0.2841,1960,14,12,11,9,12,12
2316288,1131,1,0,0,0,0,0,-0.00409,0.00423,0.2927,1726,4,3,10,7,7,7
2318336,1132,1,0,0,0,0,0,-0.00586,0.00324,0.2284,1930,6,4,4,3,6,6
2320384,1133,1,0,0,0,0,0,-0.00555,0.00341,0.2918,1806,12,10,10,3,12,12
2322432,1134,1,0,0,0,0,0,-0.00185,0.00354,0.2711,1880,10,9,7,4,6,6
2324480,1135,1,0,0,0,0,0,-0.00061,0.00404,0.2957,2065,7,6,7,5,4,4
2326528,1136,1,0,0,0,0,0,-0.00587,0.00531,0.2458,1909,9,9,15,6,9,9
2328576,1137,1,0,0,0,0,0,-0.00175,0.00266,0.2356,1783,8,7,6,2,11,11
2330624,1138,1,0,0,0,0,0,-0.00214,0.00326,0.2617,1825,5,5,8,3,5,5
2332672,1139,1,0,0,0,0,0,-0.00224,0.00478,0.293,1941,7,4,9,4,8,8
2334720,1140,1,0,0,0,0,0,-0.00236,0.00526,0.3128,1985,7,7,12,8,10,10
2336768,1141,1,0,0,0,0,0,-0.00216,0.00366,0.3543,1881,9,9,4,3,5,5
2338816,1142,1,0,0,0,0,0,-0.00263,0.00244,0.3246,1808,3,3,10,3,2,2
2340864,1143,1,0,0,0,0,0,-0.00454,0.00575,0.305,1839,5,5,10,6,11,11
2342912,1144,1,0,0,0,0,0,-0.00359,0.00505,0.2773,1785,15,14,11,5,11,11
2344960,1145,1,0,0,0,0,0,-0.00129,0.00385,0.2336,1602,10,8,6,3,9,9
2347008,1146,1,0,0,0,0,0,-0.00252,0.00339,0.2284,1953,7,6,7,3,10,10
2349056,1147,1,0,0,0,0,0,-0.00305,0.00268,0.2546,2033,10,5,4,1,9,9
2351104,1148,1,0,0,0,0,0,-0.00309,0.00495,0.3463,1830,10,9,10,6,12,12
2353152,1149,1,0,0,0,0,0,-0.00283,0.00459,0.3541,1982,12,12,4,4,14,14
2355200,1150,1,0,0,0,0,0,-0.00418,0.00554,0.3658,1849,19,17,5,4,11,11
2357248,1151,1,0,0,0,0,0,-0.00332,0.00347,0.3714,1854,6,4,5,3,9,9
2359296,1152,1,0,0,0,0,0,-0.00439,0.00502,0.3067,1604,10,10,9,5,6,6
2361344,1153,1,0,0,0,0,0,-0.00379,0.00596,0.2639,1813,6,4,13,7,11,11
2363392,1154,1,0,0,0,0,0,-0.00417,0.01094,0.2265,1867,10,10,20,14,11,11
2365440,1155,1,0,0,0,0,0,-0.00588,0.00813,0.2211,2022,15,15,16,9,15,15
2367488,1156,1,0,0,0,0,0,-0.00343,0.00634,0.2474,1918,13,13,8,3,12,12
2369536,1157,1,0,0,0,0,0,-0.00406,0.00691,0.2632,1910,8,8,13,9,6,6
2371584,1158,1,0,0,0,0,0,-0.00525,0.00285,0.2917,1479,2,2,7,2,4,4
2373632,1159,1,0,0,0,0,0,-0.00531,0.00893,0.3216,2034,13,13,18,11,12,12
2375680,1160,1,0,0,0,0,0,-0.00357,0.00691,0.2954,2018,18,18,15,9,16,16
2377728,1161,1,0,0,0,0,0,-0.00531,0.01084,0.2694,2010,19,19,21,20,12,12
2379776,1162,1,0,0,0,0,0,-0.00175,0.00825,0.2543,1927,9,9,17,11,13,13
2381824,1163,1,0,0,0,0,0,-0.00462,0.00442,0.2199,2105,12,12,7,5,6,6
2383872,1164,1,0,0,0,0,0,-0.00598,0.00457,0.2244,1790,6,6,10,6,7,7
2385920,1165,1,0,0,0,0,0,-0.00658,0.00581,0.2641,2055,14,14,13,8,17,17
2387968,1166,1,0,0,0,0,0,-0.00394,0.00673,0.2508,2052,13,13,14,9,13,13
2390016,1167,1,0,0,0,0,0,-0.00231,0.00672,0.2453,2052,15,15,13,9,5,5
2392064,1168,1,0,0,0,0,0,-0.00548,0.00734,0.2365,1963,18,18,12,7,18,18
2394112,1169,1,0,0,0,0,0,-0.0048,0.00912,0.239,2091,14,14,16,13,20,20
2396160,1170,1,0,0,0,0,0,-0.00632,0.0064,0.2526,1757,17,17,11,8,17,17
2398208,1171,1,0,0,0,0,0,-0.00446,0.00701,0.2433,1814,9,9,10,9,19,19
2400256,1172,1,0,0,0,0,0,-0.00434,0.00555,0.2281,1682,10,10,14,7,12,12
2402304,1173,1,0,0,0,0,0,-0.0022,0.00625,0.2334,1932,21,21,11,5,9,9
2404352,1174,1,0,0,0,0,0,-0.00481,0.00763,0.288,1708,13,13,15,9,17,17
2406400,1175,1,0,0,0,0,0,-0.00016,0.00828,0.2274,1849,20,20,9,6,10,9
2408448,1176,1,0,0,0,0,0,-0.0045,0.00718,0.2096,2046,15,15,14,6,11,11
2410496,1177,1,0,0,0,0,0,-0.00478,0.00834,0.2328,1971,8,8,16,11,18,18
2412544,1178,1,0,0,0,0,0,-0.00598,0.0072,0.2077,2026,16,16,14,12,5,5
2414592,1179,1,0,0,0,0,0,-0.00245,0.00571,0.2427,1747,16,16,14,9,14,14
2416640,1180,1,0,0,0,0,0,-0.00419,0.00866,0.3034,1812,25,25,18,13,22,22
2418688,1181,1,0,0,0,0,0,-0.00501,0.01095,0.3299,1825,16,16,21,16,16,16
2420736,1182,1,0,0,0,0,0,-0.00315,0.00627,0.2778,1973,19,19,13,10,14,14
2422784,1183,1,0,0,0,0,0,-0.00484,0.00796,0.238,1886,15,15,19,16,19,19
2424832,1184,1,0,0,0,0,0,-0.00682,0.00768,0.2258,1883,12,12,18,12,11,11
2426880,1185,1,0,0,0,0,0,-0.00394,0.00772,0.2344,1921,21,21,16,13,13,13
2428928,1186,1,0,0,0,0,0,-0.00542,0.00522,0.2835,1686,8,8,11,6,11,11
2430976,1187,1,0,0,0,0,0,-0.00319,0.00505,0.2991,1942,12,12,14,9,12,12
2433024,1188,1,0,0,0,0,0,0.00091,0.00559,0.2708,1846,13,13,11,6,13,13
2435072,1189,1,0,0,0,0,0,4e-05,0.00759,0.2253,1881,11,11,17,10,10,10
2437120,1190,1,0,0,0,0,0,3e-05,0.00931,0.2466,1995,26,26,20,13,17,17
2439168,1191,1,0,0,0,0,0,-0.00295,0.0089,0.2034,2115,18,18,18,15,17,17
2441216,1192,1,0,0,0,0,0,-0.00464,0.00673,0.193,2107,19,19,15,8,10,10
2443264,1193,1,0,0,0,0,0,-0.00145,0.00597,0.207,1898,23,23,10,8,12,12
2445312,1194,1,0,0,0,0,0,-0.00548,0.00735,0.206,1731,15,15,21,10,9,9
2447360,1195,1,0,0,0,0,0,0.00043,0.00938,0.2416,1804,15,15,18,14,19,19
2449408,1196,1,0,0,0,0,0,-0.00273,0.00749,0.2258,2090,20,20,13,10,12,12
2451456,1197,1,0,0,0,0,0,-0.00439,0.00744,0.2244,2086,23,23,19,11,13,13
2453504,1198,1,0,0,0,0,0,-0.01171,0.00782,0.2027,1988,15,15,14,12,19,19
2455552,1199,1,0,0,0,0,0,-0.00901,0.00789,0.2141,1905,11,11,18,14,19,19
2457600,1200,1,0,0,0,0,0,-0.00326,0.00652,0.1997,1681,22,22,15,9,20,20
2459648,1201,1,0,0,0,0,0,-0.00349,0.00988,0.2242,1802,11,11,18,13,9,9
2461696,1202,1,0,0,0,0,0,-0.00408,0.00682,0.1902,1973,22,22,13,9,20,20
2463744,1203,1,0,0,0,0,0,-0.0062,0.00664,0.1959,1952,14,14,12,7,24,24
2465792,1204,1,0,0,0,0,0,-0.00183,0.00713,0.2051,1944,17,17,16,11,15,15
2467840,1205,1,0,0,0,0,0,-0.00478,0.00852,0.2089,2109,10,10,15,10,18,18
2469888,1206,1,0,0,0,0,0,-0.00445,0.00618,0.1835,1814,9,9,13,8,13,13
2471936,1207,1,0,0,0,0,0,-0.00101,0.00684,0.1913,1908,18,18,12,9,15,15
2473984,1208,1,0,0,0,0,0,-0.00353,0.00772,0.1822,1673,15,15,14,6,6,6
2476032,1209,1,0,0,0,0,0,-0.0036,0.00786,0.1986,1572,13,13,18,11,14,14
2478080,1210,1,0,0,0,0,0,-0.00182,0.00848,0.1909,1804,17,17,23,17,16,16
2480128,1211,1,0,0,0,0,0,-0.0045,0.00676,0.211,1943,9,9,16,14,19,19
2482176,1212,1,0,0,0,0,0,-0.00426,0.00982,0.1992,1930,10,10,21,17,17,17
2484224,1213,1,0,0,0,0,0,-0.00308,0.00743,0.1614,1902,20,20,18,14,15,15
2486272,1214,1,0,0,0,0,0,-0.00316,0.00492,0.2054,1851,22,22,12,5,25,25
2488320,1215,1,0,0,0,0,0,-0.0042,0.00771,0.2423,1992,19,19,18,11,11,11
2490368,1216,1,0,0,0,0,0,-0.00456,0.00841,0.2062,2039,21,21,17,13,16,16
2492416,1217,1,0,0,0,0,0,-0.00284,0.0076,0.209,1777,10,10,17,16,12,12
2494464,1218,1,0,0,0,0,0,-0.0058,0.00899,0.2496,1977,19,19,21,16,15,15
2496512,1219,1,0,0,0,0,0,-0.0036,0.0059,0.254,1996,23,23,13,11,23,23
2498560,1220,1,0,0,0,0,0,-0.00142,0.00645,0.2401,1815,24,24,15,8,29,29
2500608,1221,1,0,0,0,0,0,-0.00438,0.01097,0.2204,1895,18,18,28,20,17,17
