step_end,A_s0,A_s1,A_s2,A_s3,A_s4,B_s0,B_s1,B_s2,B_s3,B_s4,C_s0,C_s1,C_s2,C_s3,C_s4,D_s0,D_s1,D_s2,D_s3,D_s4
100000,0.0,0.0,0.0016611295681063123,0.0016366612111292963,0.010703363914373088,0.0,0.0,0.0,0.0,0.0,0.0,0.0,0.0,0.0,0.0,0.004885993485342019,0.005067567567567568,0.0016051364365971107,0.004709576138147566,0.012084592145015106
200000,0.0,0.0030959752321981426,0.0045045045045045045,0.0,0.0030165912518853697,0.0,0.0,0.0,0.0,0.0,0.0,0.0,0.0,0.0,0.0,0.011976047904191617,0.013432835820895522,0.006134969325153374,0.018413597733711047,0.007352941176470588
300000,0.0,0.0015384615384615385,0.00145985401459854,0.0032102728731942215,0.0,0.0,0.0,0.0,0.0,0.0,0.0,0.0,0.0,0.0,0.0,0.022535211267605635,0.008836524300441826,0.0061823802163833074,0.004347826086956522,0.004491017964071856
400000,0.0,0.0016181229773462784,0.004838709677419355,0.0,0.0029895366218236174,0.0,0.0,0.0,0.0,0.0,0.0,0.0,0.0,0.0,0.0,0.06048387096774194,0.0016666666666666668,0.012139605462822459,0.008156606851549755,0.0
500000,0.0,0.0017857142857142857,0.0032733224222585926,0.0,0.0,0.0,0.0,0.0,0.0,0.0,0.0,0.0,0.0,0.0,0.0,0.04698972099853157,0.0036036036036036037,0.03244005641748942,0.008517887563884156,0.0
600000,0.0031645569620253164,0.0,0.0,0.0,0.0032414910858995136,0.0,0.0,0.0,0.0,0.0,0.0,0.0,0.0,0.0,0.0,0.04180064308681672,0.0,0.08373205741626795,0.013961605584642234,0.0016420361247947454
700000,0.004658385093167702,0.0,0.0,0.0,0.0033003300330033004,0.0,0.0,0.0,0.0,0.0,0.0,0.0,0.0,0.0,0.0,0.07756232686980609,0.0036036036036036037,0.2392638036809816,0.012216404886561954,0.001644736842105263
800000,0.001607717041800643,0.0,0.0032258064516129032,0.0,0.0,0.0,0.0,0.0,0.0,0.0,0.0,0.0,0.0,0.0,0.0,0.22498118886380739,0.005434782608695652,0.6421612046058459,0.1442400774443369,0.0
900000,0.0,0.0,0.003284072249589491,0.0016750418760469012,0.0,0.0,0.0,0.0,0.36724806201550386,0.0,0.0,0.0,0.0,0.0,0.0,0.40762463343108507,0.020689655172413793,0.817625458996328,0.2090837901331245,0.0034965034965034965
1000000,0.001607717041800643,0.0,0.001644736842105263,0.0,0.0,0.37764932562620424,0.0,0.0,0.3899159663865546,0.0,0.0,0.0,0.0,0.0,0.6710280373831776,0.6801718845917741,0.013675213675213675,0.8750703432751828,0.3984039287906691,0.005199306759098787
1100000,0.0,0.0,0.0,0.0,0.0,0.5315186246418339,0.0,0.28194993412384717,0.6073116924046643,0.3769230769230769,0.0,0.0,0.0,0.0,0.6826923076923077,0.8564356435643564,0.08283132530120482,0.9273371732388126,0.6783555018137848,0.0018050541516245488
1200000,0.0,0.0,0.001607717041800643,0.0,0.0,0.6576715497301465,0.0,0.32825719120135366,0.6708528037383178,0.47005988023952094,0.6595744680851063,0.583710407239819,0.6515311510031679,0.0,0.6792975970425139,0.9004777070063694,0.26929530201342283,0.9458272327964861,0.8092723004694836,0.01757469244288225
1300000,0.0,0.0,0.0,0.0,0.0,0.685251798561151,0.0,0.528420523138833,0.6758504357604723,0.6849828285981892,0.6572811262648482,0.6101759755164499,0.6354759967453214,0.0,0.6693840579710145,0.9278737791134485,0.581727781230578,0.9494620149983698,0.8550868486352358,0.02333931777378815
1400000,0.0,0.0,0.0,0.001838235294117647,0.0,0.702385935537882,0.0,0.6003627569528416,0.6834822715479966,0.6939730836746636,0.6561484918793503,0.6002576212966939,0.6661379857256146,0.0,0.6497816593886463,0.9406662040249827,0.7779587404994571,0.9616224648985959,0.8774849745723532,0.032148900169204735
1500000,0.0,0.0,0.0017667844522968198,0.001834862385321101,0.0,0.7046046915725456,0.0,0.6150568181818182,0.6746009521142537,0.7022692889561271,0.6494382022471911,0.6092404072043853,0.6401799100449775,0.0,0.6871657754010695,0.9633743620534374,0.8521439132577624,0.9690692395005676,0.9090536665301107,0.16446124763705103
1600000,0.0,0.0,0.0017953321364452424,0.0018214936247723133,0.003430531732418525,0.6829268292682927,0.0,0.6179429849077697,0.6838124054462935,0.6962292609351433,0.6515580736543909,0.6150178784266984,0.6484947111472742,0.0,0.6565464895635673,0.9819466248037677,0.8802726885385599,0.9756771697070205,0.9267685744756488,0.26455026455026454
1700000,0.0,0.0,0.0,0.0,0.0035587188612099642,0.7078703703703704,0.0,0.6080172181867097,0.6928635953026197,0.7042993107975057,0.6600496277915633,0.6059574468085106,0.663440059568131,0.7038834951456311,0.6611642050390965,0.9890738813735692,0.9337142857142857,0.9720777443197371,0.9493927125506073,0.44057193923145666
1800000,0.0,0.0,0.0,0.0,0.006956521739130435,0.7144012944983819,0.2684630738522954,0.6075879257823318,0.686152937702982,0.6912270642201835,0.6631445477599324,0.6105636578636184,0.6671974522292994,0.7117684078036501,0.6734154929577465,0.9885197850512946,0.9591174561972745,0.9664508534432019,0.9603960396039604,0.5525423728813559
1900000,0.0,0.0,0.001736111111111111,0.0,0.0,0.7171717171717171,0.2601626016260163,0.6212583995113011,0.6995708154506438,0.7148748159057438,0.6569957884885353,0.595787768327258,0.6450252951096122,0.6912669126691267,0.6995555555555556,0.9830350917964211,0.9735080870050196,0.9809598330725091,0.9634925463948889,0.642948717948718
2000000,0.0,0.0,0.0,0.0,0.0,0.7060931899641577,0.3745130773511408,0.6238975817923187,0.6905982905982906,0.706199460916442,0.6438236577913575,0.6097453906935909,0.6433460076045627,0.6948933419521655,0.6711074104912573,0.9874486535828388,0.9818771977278875,0.9817329054554431,0.97226235192141,0.709005376344086
2100000,0.0,0.0,0.0,0.0,0.0,0.7007027697395618,0.49101796407185627,0.6053386911595867,0.6779915814792543,0.7145080946450809,0.6481140754369825,0.6150197628458498,0.6446945337620579,0.6956025128498001,0.6675799086757991,0.9900173611111112,0.9788789601949635,0.9822384428223845,0.9720917380491848,0.7582938388625592
2200000,0.0,0.0,0.0018214936247723133,0.0,0.0,0.7135011441647597,0.541140837960626,0.6162496485802643,0.6786735277301315,0.7109510086455332,0.6511627906976745,0.5969912905779889,0.6597938144329897,0.7185697808535179,0.6766666666666666,0.9872162221732422,0.9871134020618557,0.9812545061283345,0.9740400216333153,0.8126213592233009
2300000,0.0018796992481203006,0.0,0.0,0.0,0.0018656716417910447,0.7140969162995595,0.5363101079489696,0.6318713450292398,0.670028818443804,0.7014925373134329,0.66553480475382,0.6190476190476191,0.6796934865900384,0.7155074116305588,0.6743978590544157,0.9898069833008024,0.9854745805159029,0.9829654510556622,0.9690775681341719,0.8120772946859903
2400000,0.0,0.0,0.0,0.0,0.0055762081784386614,0.7243589743589743,0.5604166666666667,0.6356923076923077,0.6760021965952773,0.6978054567022538,0.6646483465300419,0.6245011971268954,0.6637795275590551,0.7305135951661631,0.7082616179001722,0.9916188795765328,0.9876946258161727,0.9851309889072457,0.9790773884547517,0.8470961887477314
2500000,0.0,0.0017825311942959,0.0035211267605633804,0.0,0.00546448087431694,0.7125420875420876,0.5430902600713922,0.6259323006310958,0.6740947075208914,0.7016880093131548,0.6628969117007395,0.6097130242825607,0.6577424023154848,0.7175824175824176,0.6728744939271255,0.9924130663856692,0.9873969946679593,0.9846189164370982,0.9737713267125032,0.8806410797132012
2600000,0.0,0.0,0.0035842293906810036,0.0,0.0,0.7265812650120096,0.5086306098964327,0.6284275321768327,0.675273390036452,0.6858140272929228,0.6593460224499756,0.626405664306539,0.6674454828660437,0.7099189020586401,0.681657848324515,0.9881439084219134,0.9853153586904189,0.9841750058180125,0.9743651753325272,0.9
2700000,0.0,0.0,0.0,0.0,0.0,0.7108433734939759,0.5670362903225806,0.6187214611872146,0.6815286624203821,0.6992176180817155,0.6602678571428572,0.6213668499607227,0.6574545454545454,0.7160883280757098,0.6610800744878957,0.9873522703711383,0.9880411384836164,0.9873503501242377,0.9751447876447876,0.8984189723320158
2800000,0.0,0.0016835016835016834,0.0,0.0,0.0,0.7325832972739074,0.5517836593785961,0.6370990237099023,0.6808108108108109,0.6889013452914798,0.6481400437636762,0.6212381771281169,0.6515837104072398,0.7253243090806543,0.6908665105386417,0.9911032028469751,0.9868421052631579,0.9805179377524352,0.9790007241129616,0.9113636363636364
2900000,0.0,0.0017211703958691911,0.001838235294117647,0.0018181818181818182,0.0018975332068311196,0.720103986135182,0.5668367346938775,0.6309868209578914,0.6847429053104804,0.6971476510067114,0.6428915662650603,0.6099290780141844,0.6827371695178849,0.7186505410566518,0.6881233000906618,0.9924633082110274,0.9884105960264901,0.9871186440677966,0.9782082324455206,0.9183453237410072
3000000,0.0,0.0,0.0,0.0,0.0,0.688267683185091,0.5331161780673181,0.6221395881006865,0.6837776517300057,0.715742511153601,0.6574989256553503,0.6251506629168341,0.6637298091042585,0.7276376146788991,0.7237569060773481,0.9928890694839496,0.9926722032242306,0.9859705611775529,0.9891278657527771,0.9141058867086265
3100000,0.0,0.0,0.0016207455429497568,0.0,0.0,0.7268760907504364,0.5468829194120628,0.6122675548154316,0.6923308270676691,0.6861575178997613,0.6578467153284672,0.627668659265585,0.6648690292758089,0.730791788856305,0.6666666666666666,0.9881760031013762,0.9875703564727955,0.9801797649227932,0.9937768240343348,0.9313858695652174
3200000,0.0,0.0,0.0,0.0,0.0,0.7089518668466037,0.5490196078431373,0.6272189349112426,0.6793342579750347,0.7093655589123867,0.6545924967658473,0.6033360455655004,0.6642754662840746,0.7099832682654769,0.6853333333333333,0.993761320185148,0.9939238139752279,0.9840764331210191,0.9946569779867493,0.934017094017094
3300000,0.0,0.0,0.0,0.0018248175182481751,0.0,0.7106227106227107,0.5443219932918064,0.6368159203980099,0.6912013536379019,0.7041176470588235,0.6569091691777873,0.6096508434680267,0.6646010844306739,0.7406528189910979,0.6790923824959482,0.9917469050894085,0.994621141253508,0.9863976422579914,0.9934140641597621,0.9364319890635681
3400000,0.0,0.0018181818181818182,0.0018115942028985507,0.0,0.0,0.7294117647058823,0.5390107088220296,0.6342857142857142,0.6865715983363042,0.707628376372811,0.666049953746531,0.612876935615322,0.6546822742474916,0.7312604108828429,0.6883802816901409,0.9912519440124417,0.9894495412844037,0.984029752789324,0.9949937421777222,0.9399469143994691
3500000,0.0,0.0033112582781456954,0.001834862385321101,0.0,0.0,0.7246437552388936,0.5393759286775631,0.6259055346276442,0.6976135040745053,0.7052767052767053,0.6506691278264882,0.6126162555600485,0.6673992673992674,0.7368738684369343,0.670897552130553,0.9928386711756515,0.9851054078826764,0.9799018462257537,0.9912598593050522,0.9333111037012337
3600000,0.0,0.0,0.0,0.0034423407917383822,0.005291005291005291,0.7217741935483871,0.5381443298969072,0.6217133163698049,0.6888339004021033,0.7042571186918523,0.6668204891555145,0.5991294024535022,0.664813343923749,0.7320627802690582,0.6649659863945578,0.9925201380897584,0.9853472074750478,0.9809758281110116,0.9908568998511589,0.9375585388698096
3700000,0.0,0.0,0.0,0.0,0.005263157894736842,0.715513536742587,0.5587677725118484,0.6270797475616753,0.6922200056996295,0.6991228070175438,0.6774617067833698,0.6154827732879625,0.655994043186895,0.7134183363691561,0.6885245901639344,0.9938919641152891,0.9914107794717629,0.9863560033585222,0.9945549738219895,0.9269882659713168
3800000,0.0,0.0017391304347826088,0.0017123287671232876,0.0,0.00528169014084507,0.694843617920541,0.5548961424332344,0.6156441717791411,0.6908385556550284,0.6958393113342898,0.6663555762949137,0.6310331072995612,0.6612903225806451,0.7266666666666667,0.6632825719120136,0.9918972332015811,0.9904346017883136,0.9878381211994128,0.995669210146422,0.9426829268292682
3900000,0.0017605633802816902,0.0,0.0,0.0,0.0035971223021582736,0.7009569377990431,0.5332685769791161,0.6255580357142857,0.7012987012987013,0.7024687399807631,0.6704737732656514,0.6039642440730665,0.643879173290938,0.7145476772616137,0.674933569530558,0.9949664429530202,0.9922252574070183,0.9843448423761527,0.9945377301234068,0.9380203515263644
4000000,0.0017543859649122807,0.0,0.0,0.0,0.0,0.7130063965884862,0.5206812652068127,0.6373279816513762,0.6937888198757765,0.7049897869857018,0.6672743846855059,0.6127770534550195,0.6536144578313253,0.7211482132396017,0.6852017937219731,0.995311327831958,0.9929853517639777,0.9847715736040609,0.9960646230323115,0.9450516089860352
4100000,0.0,0.0,0.0,0.0,0.0018832391713747645,0.7111010009099181,0.5445636957536164,0.6206796398489689,0.683894917190177,0.7004181600955794,0.6740306582506763,0.6171153073523503,0.6471571906354515,0.7352062163777645,0.6775271512113618,0.9956667323222376,0.992677148395434,0.9822407366805526,0.9934866680236109,0.9679724722075173
4200000,0.0,0.0,0.0032679738562091504,0.0,0.0,0.7258924907673369,0.5580580580580581,0.6439775910364146,0.7035321366531557,0.6884525205158265,0.6699158174568011,0.6284038542103059,0.6541533546325878,0.7210718635809987,0.6752669039145908,0.9929064039408867,0.9950849887364325,0.9849128771780705,0.9947485356493637,0.9831384892086331
4300000,0.0,0.0034071550255536627,0.0,0.0,0.0,0.7392810740580338,0.5769603097773476,0.6283269961977186,0.6968758795384182,0.7082085080886759,0.6715186802523047,0.6217287866772403,0.666183924692252,0.7332971211298207,0.6752899197145406,0.9948453608247423,0.9963175122749591,0.9865591397849462,0.9957567185289957,0.9773842543204608
4400000,0.0,0.0,0.001610305958132045,0.0,0.0017730496453900709,0.7079107505070994,0.5839335180055402,0.6395250212044106,0.6987390350877193,0.6987988912842624,0.6552315608919382,0.6319746735259201,0.6598905394839718,0.7222222222222222,0.6757201646090535,0.9944856436584902,0.9917830731306492,0.9826923076923076,0.9954110135674381,0.983991683991684
4500000,0.0,0.0,0.0,0.0033783783783783786,0.0035211267605633804,0.7087026591458501,0.5482546201232033,0.6384291725105189,0.6896764252696456,0.7025520680551481,0.6697595951075496,0.6200353045013239,0.6770231213872833,0.7104202648244099,0.6801801801801802,0.9960129105752801,0.9941626409017713,0.9835680751173709,0.9925589086399339,0.9905814905814906
4600000,0.008319467554076539,0.0,0.0,0.006578947368421052,0.0017953321364452424,0.7121649484536082,0.5683198380566802,0.6384525887143688,0.6792452830188679,0.694727381665668,0.6711281070745698,0.5891629599676507,0.6515763945028294,0.7327380952380952,0.6923076923076923,0.9945611402850713,0.9931160153877303,0.9839757470766566,0.9945761349939735,0.9926768163422625
4700000,0.0016778523489932886,0.0,0.0017985611510791368,0.003484320557491289,0.0018248175182481751,0.6986199179410668,0.5667670682730924,0.6240516999157066,0.7038661913901837,0.7010644589000591,0.6809872029250457,0.6209773539928486,0.6661392405063291,0.7235457063711911,0.6980286738351255,0.9932190619702392,0.9912207357859532,0.9830912638196402,0.9952742962810767,0.990990990990991
4800000,0.0017006802721088435,0.0,0.0,0.0,0.0,0.7333333333333333,0.577559462254395,0.6248830682881198,0.7002504870581686,0.713771671573438,0.6778868630201028,0.6151157710790738,0.6659693165969317,0.7261219792865362,0.6822107081174439,0.9939736346516007,0.9964100518548066,0.984906462585034,0.9970484061393152,0.9932559010865493
4900000,0.0,0.0,0.0,0.0017889087656529517,0.0,0.6986991187578683,0.5410414827890556,0.6228537596210776,0.6811347517730496,0.7123085983510011,0.6562073669849932,0.605078125,0.653635652853792,0.7073991031390134,0.6861614497528831,0.9947614593077643,0.9942517343904856,0.986272439281943,0.9937875751503006,0.9903809883062995
5000000,0.0,0.0,0.0,0.0017271157167530224,0.0,0.7267956707117088,0.5682730923694779,0.645,0.7012048192771084,0.7045197740112994,0.6482005661140315,0.610752688172043,0.6593038821954484,0.7160356347438753,0.6771523178807947,0.9952710076391416,0.9942505947660587,0.9862930860713566,0.995703125,0.9910346064192218
