cond,seed,done,steps_trained,steps_to_50,steps_to_80,auc,final_train_success,final_eval_success,phase1_end_step,phase1_navigate,phase1_hazard,phase1_key_door,phase1_reached_target
A,0,True,5001216,,,0.0005626204981457449,0.002339600035035734,0.0,,,,,
A,1,True,5001216,,,0.0004700240572810162,0.0,0.004,,,,,
A,2,True,5001216,,,0.0011043907481139228,0.00035971223021582735,0.0,,,,,
A,3,True,5001216,,,0.000721191563588931,0.0027158584816636628,0.004,,,,,
A,4,True,5001216,,,0.0016446304000377737,0.0007240299309386835,0.0,,,,,
B,0,True,5005332,1100000.0,,0.5728045731899437,0.7139225978395172,0.654,899072.0,1.0,0.8533333333333334,1.0,True
B,1,True,5002277,2200000.0,,0.347212369048855,0.5643921887485402,0.582,1759232.0,1.0,0.8566666666666667,0.9966666666666667,True
B,2,True,5004043,1300000.0,,0.48550413004911547,0.6310482233078546,0.608,1056768.0,1.0,0.7833333333333333,1.0,True
B,3,True,5007659,1100000.0,,0.5631527186165047,0.6931403065034757,0.668,847872.0,1.0,0.86,1.0,True
B,4,True,5004514,1300000.0,,0.5499670386536816,0.7052783769002932,0.67,1056768.0,1.0,0.86,1.0,True
C,0,True,5007869,1200000.0,,0.5153567027893309,0.6668820212237486,0.648,1163264.0,1.0,0.8266666666666667,1.0,True
C,1,True,5006704,1200000.0,,0.4779740004821336,0.6082173796423233,0.578,1187840.0,1.0,0.7933333333333333,1.0,True
C,2,True,5006418,1200000.0,,0.5137186826225061,0.6593248973310661,0.616,1118208.0,1.0,0.8466666666666667,1.0,True
C,3,True,5002056,1700000.0,,0.4892534321351254,0.7211681037557423,0.684,1673216.0,1.0,0.84,1.0,True
C,4,True,5002838,1000000.0,,0.5566705532758508,0.6871721683787879,0.644,946176.0,0.9966666666666667,0.86,0.9933333333333333,True
D,0,True,5001216,1000000.0,1100000.0,0.8174590566130128,0.9943572607707634,0.996,,,,,
D,1,True,5001216,1300000.0,1500000.0,0.7415729029969667,0.9938498264370068,0.994,,,,,
D,2,True,5001216,800000.0,900000.0,0.8374259278961695,0.984907799766926,0.98,,,,,
D,3,True,5001216,1100000.0,1200000.0,0.7875131586613295,0.9952779075129332,0.996,,,,,
D,4,True,5001216,1800000.0,2200000.0,0.615292499088021,0.9916678606290648,0.97,,,,,
